"2004","2005","2006","2007","2008","2009","2010","2011","2012","2013","2014","2015","2016","2017","2018"
1,0,0,0,0,0,0,0,0,0,0,0,0,0,0
3,1,0,1,0,0,0,1,0,1,1,0,0,0,1
1,0,0,0,0,0,0,0,0,0,0,0,0,0,0
1,0,0,1,0,1,1,0,0,0,0,0,0,0,0
1,0,0,0,0,0,0,0,1,0,0,0,0,0,0
1,0,0,1,0,0,1,0,0,0,0,0,0,0,0
1,1,0,0,0,0,0,3,0,0,1,0,0,0,0
1,7,4,0,2,0,3,4,1,2,0,0,0,0,0
1,2,0,1,0,1,0,0,0,0,0,0,0,0,0
1,0,0,0,1,0,0,0,0,0,0,0,1,0,0
1,0,0,0,0,0,0,2,0,1,0,0,0,0,0
1,0,0,1,1,1,0,0,1,4,0,2,3,2,3
1,6,1,1,1,0,0,0,0,0,0,0,0,0,0
1,0,0,0,1,0,0,0,0,0,0,0,0,0,0
2,0,2,1,0,0,0,0,0,0,0,0,0,0,0
1,0,1,0,0,2,0,0,0,0,0,0,0,0,0
1,0,0,1,0,0,0,0,0,0,0,0,0,0,0
2,0,4,10,0,0,0,0,0,0,0,0,0,0,0
1,1,0,0,0,0,0,0,0,0,1,0,0,0,0
1,5,10,7,10,0,0,0,0,0,0,0,0,0,0
1,0,0,0,0,0,1,0,1,0,0,0,0,0,0
1,0,0,0,0,0,0,0,0,0,0,0,0,0,0
1,0,0,0,0,0,0,0,0,0,0,0,0,0,0
1,1,0,0,0,0,0,0,0,0,0,0,0,0,0
1,0,0,3,1,1,2,4,0,0,0,0,0,0,0
2,0,1,1,0,0,0,0,0,0,0,0,0,0,0
0,1,0,1,1,0,0,1,0,0,0,0,0,0,0
0,1,0,1,6,0,0,0,0,0,0,0,0,1,0
0,3,5,2,0,0,0,0,0,0,0,1,0,0,0
0,1,0,0,0,1,1,0,1,0,0,0,0,0,0
0,1,0,0,0,0,0,1,2,0,1,0,0,0,0
0,2,0,1,0,0,0,0,0,0,0,0,0,0,0
0,1,0,0,0,0,0,2,0,0,0,0,0,0,0
0,1,0,0,0,0,0,0,0,0,0,0,0,0,0
0,1,0,0,0,0,0,0,0,0,0,0,0,0,0
0,1,0,0,0,0,0,0,0,0,0,0,0,0,0
0,1,0,2,0,0,0,0,0,0,1,2,0,0,1
0,1,1,1,0,0,0,1,0,0,0,0,0,0,0
0,0,2,1,1,0,0,2,0,0,0,0,0,0,0
0,0,1,0,0,0,0,1,1,0,0,0,0,0,0
0,0,1,0,0,1,0,0,0,0,0,0,0,0,0
0,0,1,0,5,0,0,0,0,0,0,0,0,0,0
0,0,1,0,0,2,1,1,1,0,0,0,0,0,0
0,0,2,0,3,0,1,0,1,0,0,0,0,1,0
0,0,1,0,0,1,0,1,1,1,0,0,0,1,1
0,0,2,0,0,3,1,0,0,0,1,0,1,1,0
0,0,2,0,0,1,0,1,0,0,0,0,0,0,0
0,0,1,0,3,1,0,0,0,0,0,0,0,0,0
0,0,1,4,8,1,4,11,3,6,4,0,0,0,1
0,0,1,0,7,7,0,0,0,0,1,0,0,0,0
0,0,1,0,0,1,0,0,0,0,0,0,0,0,0
0,0,1,0,0,0,0,0,0,0,0,1,0,0,0
0,0,2,0,0,0,0,0,0,0,0,0,0,0,0
0,0,2,0,10,5,10,5,11,8,13,17,6,4,7
0,0,1,1,0,5,4,8,2,2,1,5,4,5,0
0,0,1,0,6,9,10,3,0,2,0,0,0,0,0
0,0,1,4,11,0,1,0,1,0,0,0,0,0,0
0,0,1,0,0,1,0,0,0,0,0,0,0,0,0
0,0,1,0,0,2,0,0,0,0,0,0,0,0,0
0,0,1,1,1,3,6,3,5,4,2,6,1,1,1
0,1,0,0,0,0,0,1,0,0,0,0,0,0,0
0,0,0,1,0,0,0,3,1,0,1,0,0,0,0
0,0,0,1,1,0,0,0,0,2,2,1,1,2,2
0,0,0,1,0,0,0,0,0,0,0,1,0,0,0
0,0,0,2,1,1,1,2,0,2,0,1,1,0,0
0,0,0,1,1,0,0,0,0,3,2,1,0,0,0
0,0,0,3,0,0,0,0,0,0,0,0,0,0,0
0,0,0,1,1,0,0,0,0,0,1,0,2,1,0
0,0,0,1,0,1,2,0,0,1,1,0,0,0,0
0,0,0,1,0,0,0,2,0,0,0,0,0,0,0
0,0,0,1,0,0,0,0,0,0,0,0,0,0,0
0,0,0,1,0,2,0,0,0,0,0,0,0,2,0
0,0,0,1,0,1,5,0,1,1,1,0,1,1,1
0,0,0,1,1,0,0,0,0,0,0,0,0,1,0
0,0,0,1,0,0,0,0,0,0,1,1,0,2,0
0,0,0,1,0,0,0,0,0,1,0,2,0,2,0
0,0,0,1,1,1,0,0,0,0,0,0,0,0,0
0,0,0,1,0,0,0,0,1,0,0,0,0,0,0
0,0,0,1,0,1,0,0,0,3,1,0,0,0,0
0,0,0,1,0,0,0,0,0,0,0,0,0,0,0
0,0,0,1,0,2,0,1,0,0,1,2,0,1,0
0,0,0,1,0,2,0,1,1,0,0,1,0,0,0
0,0,0,1,0,0,0,0,0,1,0,0,0,0,0
0,0,0,1,0,0,0,0,1,1,0,0,0,0,0
0,0,0,1,0,2,0,3,1,7,0,0,1,0,1
0,0,0,1,0,0,0,0,0,0,0,0,0,0,0
0,0,0,1,1,1,0,0,0,1,0,0,0,0,0
0,0,0,1,0,1,1,0,1,0,0,0,0,0,0
0,0,0,1,0,0,0,0,1,0,0,0,0,0,0
0,0,0,1,0,2,0,0,0,1,0,0,0,0,0
0,0,0,2,0,1,0,0,0,0,0,0,0,0,0
0,0,0,1,0,0,0,1,0,0,0,0,0,0,0
0,0,0,1,0,0,0,0,0,1,0,0,0,0,0
0,0,0,1,3,1,1,0,0,0,0,0,0,0,0
0,0,0,1,0,0,0,3,1,8,7,7,5,1,4
0,0,0,1,0,1,1,0,0,0,0,0,0,1,0
0,0,0,4,2,5,2,4,11,5,10,5,3,0,0
0,0,0,1,0,0,0,0,0,0,0,0,0,0,0
0,0,0,1,0,1,0,0,0,0,0,0,0,0,0
0,0,0,1,1,1,0,0,0,0,0,0,0,0,0
0,0,0,1,0,2,1,1,0,2,0,1,0,0,0
0,0,0,1,0,0,0,1,0,0,1,3,0,0,0
0,0,0,1,0,1,1,0,0,0,0,0,0,0,0
0,0,0,1,2,1,2,3,2,8,11,12,24,11,14
0,0,0,1,2,0,2,5,1,0,0,0,3,0,0
0,0,0,2,1,3,2,0,0,2,3,0,0,0,0
0,0,0,3,0,0,1,1,0,0,0,0,0,0,0
0,0,0,1,6,4,13,1,1,0,0,0,0,0,0
0,0,0,1,0,0,0,0,0,1,2,1,0,0,0
0,0,0,1,0,0,1,0,0,1,0,0,0,0,0
0,0,0,0,1,0,0,1,0,3,4,2,3,0,0
0,0,0,0,1,0,0,1,2,1,0,0,0,0,1
0,0,0,0,3,0,0,0,0,0,0,1,0,0,0
0,0,0,0,1,0,0,2,0,1,1,1,0,0,0
0,0,0,0,2,0,0,1,0,0,1,0,0,1,0
0,0,0,0,1,1,1,0,1,0,0,7,8,0,0
0,0,0,0,1,0,1,0,0,0,1,1,0,0,0
0,0,0,0,1,1,11,5,3,9,7,19,10,8,3
0,0,0,0,1,1,0,0,2,0,1,0,0,0,0
0,0,0,0,1,0,0,0,1,0,0,0,0,0,0
0,0,0,0,1,0,0,0,2,0,3,0,0,3,0
0,0,0,0,1,0,1,0,2,0,1,0,0,0,0
0,0,0,0,1,0,0,3,1,2,1,0,1,1,0
0,0,0,0,1,3,0,1,0,0,0,0,0,0,0
0,0,0,0,1,0,0,2,0,2,1,0,0,0,1
0,0,0,0,2,5,2,2,0,8,4,1,14,1,6
0,0,0,0,1,0,0,1,0,0,2,2,0,0,0
0,0,0,0,1,0,0,0,0,0,0,0,0,0,0
0,0,0,0,1,1,1,0,0,0,1,0,0,0,0
0,0,0,0,1,1,0,0,0,0,1,0,0,1,0
0,0,0,0,1,0,0,0,1,0,0,1,0,0,1
0,0,0,0,1,2,2,6,0,9,3,10,0,0,0
0,0,0,0,1,0,0,0,0,0,0,0,0,0,0
0,0,0,0,1,5,6,0,5,4,0,0,0,0,0
0,0,0,0,1,0,1,2,1,0,2,0,1,1,0
0,0,0,0,1,0,7,1,1,7,19,21,14,10,35
0,0,0,0,1,0,0,1,3,0,0,2,2,0,0
0,0,0,0,1,0,1,0,1,0,0,0,0,1,2
0,0,0,0,2,1,1,0,1,0,2,1,0,0,0
0,0,0,0,1,0,0,0,0,0,0,0,0,0,0
0,0,0,0,1,3,2,2,1,0,1,3,8,2,0
0,0,0,0,1,1,1,1,0,0,0,1,0,0,0
0,0,0,0,1,0,1,1,0,1,0,0,0,0,0
0,0,0,0,1,0,2,0,0,0,1,0,0,0,0
0,0,0,0,1,0,0,0,0,0,0,0,0,0,0
0,0,0,0,1,0,0,0,0,0,1,0,0,0,0
0,0,0,0,2,0,0,0,0,0,1,2,0,0,0
0,0,0,0,1,0,0,0,0,0,1,1,0,0,0
0,0,0,0,1,0,1,0,0,3,0,0,0,0,0
0,0,0,0,1,0,0,0,0,1,0,1,2,0,0
0,0,0,0,1,0,0,0,0,1,0,0,0,0,0
0,0,0,0,1,6,12,4,5,18,3,0,1,0,0
0,0,0,0,1,0,16,0,0,0,0,0,0,0,0
0,0,0,0,1,1,0,0,0,0,0,0,0,0,0
0,0,0,0,1,5,4,12,3,8,0,1,0,0,0
0,0,0,0,1,0,0,0,0,0,0,0,0,0,0
0,0,0,0,1,1,0,0,2,0,1,0,0,0,0
0,0,0,0,1,1,0,0,0,1,0,0,0,0,1
0,0,0,0,1,2,0,1,1,1,0,0,0,0,0
0,0,0,0,2,0,0,2,2,1,8,5,11,2,21
0,0,0,0,1,0,0,0,0,0,2,0,0,0,0
0,0,0,0,1,0,0,1,0,0,1,1,0,0,0
0,0,0,0,1,0,0,1,0,0,0,0,0,0,0
0,0,0,0,1,0,0,0,0,0,0,0,0,0,0
0,0,0,0,1,0,1,1,0,1,1,1,0,0,1
0,0,0,0,1,0,0,0,0,2,0,0,0,0,1
0,0,0,0,2,0,0,0,0,0,1,1,0,0,0
0,0,0,0,1,6,5,4,0,2,0,0,0,0,0
0,0,0,0,1,0,0,0,1,0,0,0,0,0,0
0,0,0,0,1,0,0,0,0,0,0,0,0,0,0
0,0,0,0,2,0,4,1,0,2,4,4,7,0,1
0,0,0,0,1,0,0,0,1,0,1,0,0,1,0
0,0,0,0,1,0,0,0,0,1,0,0,0,0,1
0,0,0,0,1,0,1,5,0,0,0,0,0,0,0
0,0,0,0,1,1,0,0,2,2,0,1,0,0,0
0,0,0,0,1,1,0,0,1,0,0,0,0,0,0
0,0,0,0,1,8,5,4,14,2,1,1,0,0,1
0,0,0,0,1,1,2,1,0,0,1,3,0,4,1
0,0,0,0,1,13,11,7,0,9,9,9,6,0,1
0,0,0,0,1,0,3,0,0,0,0,0,2,0,1
0,0,0,0,1,0,1,0,1,0,0,0,0,0,0
0,0,0,0,0,1,11,4,7,19,17,15,24,11,23
0,0,0,0,0,1,0,1,0,0,0,0,0,0,0
0,0,0,0,0,1,1,2,0,0,1,2,0,0,0
0,0,0,0,0,1,12,6,0,1,0,1,0,0,0
0,0,0,0,0,1,0,1,1,1,2,0,0,1,0
0,0,0,0,0,1,1,0,0,0,0,1,1,0,0
0,0,0,0,0,1,1,0,1,1,2,1,0,0,0
0,0,0,0,0,1,0,0,0,1,2,0,1,1,0
0,0,0,0,0,1,0,1,0,1,0,0,0,0,0
0,0,0,0,0,2,2,0,0,0,0,1,1,0,0
0,0,0,0,0,1,11,5,11,13,5,11,10,6,4
0,0,0,0,0,1,0,0,1,0,0,1,0,2,1
0,0,0,0,0,3,10,2,3,0,0,0,0,0,1
0,0,0,0,0,1,0,0,0,0,1,2,0,1,1
0,0,0,0,0,1,0,1,0,0,1,0,0,0,0
0,0,0,0,0,1,1,1,1,2,4,0,0,0,0
0,0,0,0,0,1,0,1,0,0,0,0,0,0,0
0,0,0,0,0,1,0,0,0,0,0,1,0,0,0
0,0,0,0,0,3,0,0,0,0,0,0,0,0,0
0,0,0,0,0,1,1,0,0,1,1,0,0,0,0
0,0,0,0,0,1,0,0,0,0,1,0,0,0,0
0,0,0,0,0,2,1,5,5,3,10,4,3,6,0
0,0,0,0,0,1,0,1,0,0,1,0,0,0,0
0,0,0,0,0,1,0,0,0,0,0,0,0,1,0
0,0,0,0,0,1,0,0,1,0,1,0,0,0,0
0,0,0,0,0,3,0,0,0,0,2,1,0,0,0
0,0,0,0,0,1,0,0,0,0,2,1,2,0,0
0,0,0,0,0,1,0,1,0,0,0,0,0,0,0
0,0,0,0,0,1,0,0,0,0,0,0,0,0,1
0,0,0,0,0,1,0,2,6,2,3,1,0,1,0
0,0,0,0,0,1,0,0,0,1,2,0,0,0,0
0,0,0,0,0,1,2,2,2,2,0,0,1,0,0
0,0,0,0,0,1,0,3,0,1,1,1,0,0,0
0,0,0,0,0,0,1,10,10,9,1,2,2,0,3
0,0,0,0,0,0,1,5,6,7,12,5,8,15,7
0,0,0,0,0,0,1,0,0,0,0,0,0,0,0
0,0,0,0,0,0,1,1,0,0,0,0,0,0,0
0,0,0,0,0,0,1,0,0,0,0,0,0,0,0
0,0,0,0,0,0,1,2,0,0,0,0,0,2,0
0,0,0,0,0,0,1,0,0,0,0,0,0,0,0
0,0,0,0,0,0,1,0,2,0,1,0,0,1,1
0,0,0,0,0,0,4,5,0,2,1,0,0,1,0
0,0,0,0,0,0,2,7,5,4,4,2,0,1,0
0,0,0,0,0,0,1,0,0,1,0,0,0,0,0
0,0,0,0,0,0,2,4,0,4,0,0,0,1,0
0,0,0,0,0,0,1,0,0,2,0,0,0,0,0
0,0,0,0,0,0,1,0,0,0,0,0,0,1,0
0,0,0,0,0,0,1,0,0,2,0,0,4,0,0
0,0,0,0,0,0,1,0,0,0,2,1,0,1,0
0,0,0,0,0,0,1,0,0,0,1,0,0,0,0
0,0,0,0,0,0,1,0,0,1,10,6,3,1,13
0,0,0,0,0,0,1,0,7,0,0,2,1,1,0
0,0,0,0,0,0,1,0,0,1,0,0,0,0,0
0,0,0,0,0,0,2,0,0,0,1,0,0,1,0
0,0,0,0,0,0,1,0,0,0,0,5,0,0,0
0,0,0,0,0,0,1,0,0,0,1,1,0,1,0
0,0,0,0,0,0,1,2,0,2,0,0,1,1,0
0,0,0,0,0,0,1,0,0,0,0,0,0,0,0
0,0,0,0,0,0,1,2,0,0,3,0,0,0,0
0,0,0,0,0,0,2,0,0,1,0,0,0,0,0
0,0,0,0,0,0,2,1,1,6,7,2,20,6,5
0,0,0,0,0,0,3,5,4,3,8,4,1,3,0
0,0,0,0,0,0,3,1,6,8,15,9,15,11,11
0,0,0,0,0,0,1,2,1,0,1,0,0,0,0
0,0,0,0,0,0,1,0,0,0,0,0,1,0,0
0,0,0,0,0,0,5,1,0,0,1,0,1,0,0
0,0,0,0,0,0,1,0,0,0,0,0,0,0,0
0,0,0,0,0,0,1,1,1,4,2,1,0,0,1
0,0,0,0,0,0,1,2,0,1,1,0,3,1,1
0,0,0,0,0,0,1,2,1,0,1,0,0,0,0
0,0,0,0,0,0,2,0,1,0,0,1,0,0,0
0,0,0,0,0,0,4,0,2,1,0,1,2,1,0
0,0,0,0,0,0,1,0,0,1,0,2,0,0,0
0,0,0,0,0,0,1,0,0,0,1,0,1,0,0
0,0,0,0,0,0,1,0,2,1,0,0,0,0,0
0,0,0,0,0,0,1,0,0,1,0,0,0,0,0
0,0,0,0,0,0,1,1,0,1,0,0,0,0,0
0,0,0,0,0,0,2,7,1,17,7,8,7,2,0
0,0,0,0,0,0,2,2,2,0,2,0,0,0,1
0,0,0,0,0,0,2,5,12,11,2,1,0,0,2
0,0,0,0,0,0,0,4,0,0,1,0,0,0,0
0,0,0,0,0,0,0,6,0,4,5,11,5,1,1
0,0,0,0,0,0,0,1,1,1,1,2,0,0,0
0,0,0,0,0,0,0,1,0,2,4,3,2,1,0
0,0,0,0,0,0,0,1,2,0,0,0,0,0,0
0,0,0,0,0,0,0,2,7,15,2,0,0,0,1
0,0,0,0,0,0,0,2,4,1,8,5,17,7,18
0,0,0,0,0,0,0,1,2,2,16,6,17,6,9
0,0,0,0,0,0,0,1,0,0,0,0,1,3,0
0,0,0,0,0,0,0,1,0,0,1,1,2,0,2
0,0,0,0,0,0,0,1,1,0,0,2,0,1,0
0,0,0,0,0,0,0,2,1,8,6,1,0,0,0
0,0,0,0,0,0,0,1,0,0,0,1,0,1,0
0,0,0,0,0,0,0,1,0,0,1,0,0,0,0
0,0,0,0,0,0,0,1,0,0,0,0,0,0,0
0,0,0,0,0,0,0,1,0,2,2,1,0,1,1
0,0,0,0,0,0,0,1,0,1,0,1,0,0,0
0,0,0,0,0,0,0,1,0,0,1,3,0,1,0
0,0,0,0,0,0,0,1,1,6,3,2,0,1,0
0,0,0,0,0,0,0,1,0,2,0,0,0,0,1
0,0,0,0,0,0,0,1,0,0,0,0,2,0,0
0,0,0,0,0,0,0,1,0,0,0,0,1,0,0
0,0,0,0,0,0,0,1,0,0,0,0,0,0,0
0,0,0,0,0,0,0,1,0,0,2,0,0,0,0
0,0,0,0,0,0,0,3,0,1,1,0,0,0,0
0,0,0,0,0,0,0,1,0,0,0,2,0,0,0
0,0,0,0,0,0,0,1,0,1,1,0,0,0,0
0,0,0,0,0,0,0,4,0,1,1,3,2,0,1
0,0,0,0,0,0,0,1,0,3,0,0,0,0,0
0,0,0,0,0,0,0,1,0,0,1,2,1,1,0
0,0,0,0,0,0,0,2,1,9,6,3,0,0,0
0,0,0,0,0,0,0,1,0,1,0,0,0,1,0
0,0,0,0,0,0,0,2,0,1,0,0,2,0,1
0,0,0,0,0,0,0,1,1,1,0,0,3,2,0
0,0,0,0,0,0,0,1,0,0,2,0,0,1,2
0,0,0,0,0,0,0,9,1,1,1,0,0,0,0
0,0,0,0,0,0,0,1,0,2,0,0,0,2,0
0,0,0,0,0,0,0,2,0,0,0,0,0,0,0
0,0,0,0,0,0,0,1,0,0,0,0,0,0,0
0,0,0,0,0,0,0,1,0,0,0,0,3,1,1
0,0,0,0,0,0,0,2,0,0,0,0,0,0,0
0,0,0,0,0,0,0,1,1,1,3,1,0,0,0
0,0,0,0,0,0,0,1,2,0,0,0,1,0,1
0,0,0,0,0,0,0,1,0,1,1,0,0,0,0
0,0,0,0,0,0,0,1,0,0,0,0,1,0,0
0,0,0,0,0,0,0,3,0,4,4,5,5,0,0
0,0,0,0,0,0,0,2,0,0,0,1,0,0,0
0,0,0,0,0,0,0,1,0,0,3,2,0,2,1
0,0,0,0,0,0,0,2,0,0,2,1,0,0,0
0,0,0,0,0,0,0,5,1,0,1,0,1,2,0
0,0,0,0,0,0,0,1,0,1,0,0,0,0,0
0,0,0,0,0,0,0,1,0,0,0,0,0,0,1
0,0,0,0,0,0,0,3,4,1,0,0,0,0,0
0,0,0,0,0,0,0,0,1,0,5,2,1,0,2
0,0,0,0,0,0,0,0,1,13,15,21,22,15,10
0,0,0,0,0,0,0,0,1,1,19,11,2,0,0
0,0,0,0,0,0,0,0,1,0,0,1,0,0,0
0,0,0,0,0,0,0,0,1,2,0,2,0,0,1
0,0,0,0,0,0,0,0,1,0,0,0,0,0,0
0,0,0,0,0,0,0,0,1,0,0,1,0,2,2
0,0,0,0,0,0,0,0,3,1,1,1,0,1,0
0,0,0,0,0,0,0,0,4,18,19,18,15,2,6
0,0,0,0,0,0,0,0,1,0,2,1,1,0,0
0,0,0,0,0,0,0,0,1,1,0,0,0,0,1
0,0,0,0,0,0,0,0,1,0,5,3,2,3,1
0,0,0,0,0,0,0,0,1,0,4,0,2,1,0
0,0,0,0,0,0,0,0,1,0,1,0,0,0,0
0,0,0,0,0,0,0,0,1,1,4,0,8,5,11
0,0,0,0,0,0,0,0,2,0,0,0,0,0,0
0,0,0,0,0,0,0,0,1,1,1,1,1,3,0
0,0,0,0,0,0,0,0,1,1,1,14,2,16,0
0,0,0,0,0,0,0,0,4,0,18,7,0,0,1
0,0,0,0,0,0,0,0,1,2,2,0,0,1,0
0,0,0,0,0,0,0,0,1,0,0,1,0,0,2
0,0,0,0,0,0,0,0,1,0,0,0,1,0,1
0,0,0,0,0,0,0,0,1,0,0,0,0,0,0
0,0,0,0,0,0,0,0,1,0,1,0,0,0,0
0,0,0,0,0,0,0,0,1,1,3,15,10,12,28
0,0,0,0,0,0,0,0,3,0,1,2,1,1,0
0,0,0,0,0,0,0,0,1,0,1,1,2,4,0
0,0,0,0,0,0,0,0,1,5,2,1,6,2,2
0,0,0,0,0,0,0,0,3,0,1,0,1,1,0
0,0,0,0,0,0,0,0,2,0,0,5,6,2,6
0,0,0,0,0,0,0,0,2,1,1,1,0,0,0
0,0,0,0,0,0,0,0,1,1,1,1,0,0,0
0,0,0,0,0,0,0,0,1,1,0,0,0,0,0
0,0,0,0,0,0,0,0,2,0,0,1,2,0,0
0,0,0,0,0,0,0,0,2,0,8,1,4,4,27
0,0,0,0,0,0,0,0,1,4,11,10,13,6,0
0,0,0,0,0,0,0,0,1,0,1,1,2,0,0
0,0,0,0,0,0,0,0,1,0,0,0,0,0,0
0,0,0,0,0,0,0,0,1,2,0,0,0,0,1
0,0,0,0,0,0,0,0,1,1,1,0,1,2,1
0,0,0,0,0,0,0,0,1,0,0,0,0,0,0
0,0,0,0,0,0,0,0,1,1,0,1,0,0,0
0,0,0,0,0,0,0,0,1,6,19,1,2,1,0
0,0,0,0,0,0,0,0,2,0,0,0,0,0,0
0,0,0,0,0,0,0,0,1,0,0,0,0,1,2
0,0,0,0,0,0,0,0,2,1,3,1,0,0,0
0,0,0,0,0,0,0,0,1,1,0,4,0,0,0
0,0,0,0,0,0,0,0,2,2,1,1,0,0,1
0,0,0,0,0,0,0,0,1,6,7,8,11,0,0
0,0,0,0,0,0,0,0,1,0,1,1,2,1,1
0,0,0,0,0,0,0,0,1,1,2,3,4,0,1
0,0,0,0,0,0,0,0,1,1,3,2,1,0,0
0,0,0,0,0,0,0,0,1,0,1,1,0,0,0
0,0,0,0,0,0,0,0,5,1,3,8,8,8,7
0,0,0,0,0,0,0,0,3,0,10,12,16,16,12
0,0,0,0,0,0,0,0,1,0,0,0,0,0,0
0,0,0,0,0,0,0,0,4,0,5,8,4,0,0
0,0,0,0,0,0,0,0,1,0,0,0,1,2,3
0,0,0,0,0,0,0,0,1,3,2,2,3,1,0
0,0,0,0,0,0,0,0,1,6,9,14,11,13,18
0,0,0,0,0,0,0,0,2,0,6,2,1,2,2
0,0,0,0,0,0,0,0,1,0,0,0,1,0,0
0,0,0,0,0,0,0,0,1,2,15,10,21,0,0
0,0,0,0,0,0,0,0,1,0,1,1,0,1,1
0,0,0,0,0,0,0,0,1,1,3,6,8,12,0
0,0,0,0,0,0,0,0,0,5,0,2,0,0,2
0,0,0,0,0,0,0,0,0,5,0,0,1,0,0
0,0,0,0,0,0,0,0,0,4,3,3,15,9,10
0,0,0,0,0,0,0,0,0,1,4,3,2,0,0
0,0,0,0,0,0,0,0,0,1,3,4,10,16,3
0,0,0,0,0,0,0,0,0,3,1,2,0,3,1
0,0,0,0,0,0,0,0,0,3,0,2,9,9,2
0,0,0,0,0,0,0,0,0,1,1,3,5,1,2
0,0,0,0,0,0,0,0,0,1,1,8,31,16,19
0,0,0,0,0,0,0,0,0,1,0,0,1,1,0
0,0,0,0,0,0,0,0,0,2,0,2,0,0,0
0,0,0,0,0,0,0,0,0,2,3,1,0,1,0
0,0,0,0,0,0,0,0,0,1,0,0,0,0,0
0,0,0,0,0,0,0,0,0,1,0,0,0,0,0
0,0,0,0,0,0,0,0,0,2,0,0,0,0,0
0,0,0,0,0,0,0,0,0,3,0,1,0,4,0
0,0,0,0,0,0,0,0,0,4,1,0,3,0,0
0,0,0,0,0,0,0,0,0,1,0,0,1,0,0
0,0,0,0,0,0,0,0,0,1,0,0,0,0,0
0,0,0,0,0,0,0,0,0,3,6,4,4,0,1
0,0,0,0,0,0,0,0,0,1,1,0,0,0,0
0,0,0,0,0,0,0,0,0,1,0,0,0,1,0
0,0,0,0,0,0,0,0,0,1,0,0,0,2,1
0,0,0,0,0,0,0,0,0,1,2,1,1,1,0
0,0,0,0,0,0,0,0,0,2,6,7,1,0,0
0,0,0,0,0,0,0,0,0,1,2,8,15,11,13
0,0,0,0,0,0,0,0,0,6,2,0,0,1,0
0,0,0,0,0,0,0,0,0,1,1,1,0,0,0
0,0,0,0,0,0,0,0,0,1,0,1,0,0,0
0,0,0,0,0,0,0,0,0,4,17,22,17,13,16
0,0,0,0,0,0,0,0,0,1,0,0,1,0,0
0,0,0,0,0,0,0,0,0,10,3,1,0,1,0
0,0,0,0,0,0,0,0,0,1,0,0,2,4,3
0,0,0,0,0,0,0,0,0,1,0,1,0,0,4
0,0,0,0,0,0,0,0,0,1,1,1,1,1,0
0,0,0,0,0,0,0,0,0,1,0,0,0,0,1
0,0,0,0,0,0,0,0,0,1,0,0,0,1,0
0,0,0,0,0,0,0,0,0,1,0,0,1,1,3
0,0,0,0,0,0,0,0,0,1,1,3,0,0,1
0,0,0,0,0,0,0,0,0,3,0,1,0,0,0
0,0,0,0,0,0,0,0,0,1,0,1,0,1,0
0,0,0,0,0,0,0,0,0,1,0,0,0,0,0
0,0,0,0,0,0,0,0,0,1,0,0,0,0,0
0,0,0,0,0,0,0,0,0,1,1,15,7,0,0
0,0,0,0,0,0,0,0,0,2,0,0,0,0,0
0,0,0,0,0,0,0,0,0,2,0,1,4,0,0
0,0,0,0,0,0,0,0,0,1,1,0,0,0,0
0,0,0,0,0,0,0,0,0,1,0,14,12,20,3
0,0,0,0,0,0,0,0,0,1,0,1,1,0,1
0,0,0,0,0,0,0,0,0,2,0,0,1,0,0
0,0,0,0,0,0,0,0,0,1,0,0,0,0,0
0,0,0,0,0,0,0,0,0,6,2,4,3,3,5
0,0,0,0,0,0,0,0,0,1,0,2,0,1,1
0,0,0,0,0,0,0,0,0,2,1,1,3,0,0
0,0,0,0,0,0,0,0,0,3,2,1,1,0,0
0,0,0,0,0,0,0,0,0,1,0,18,14,16,15
0,0,0,0,0,0,0,0,0,3,1,2,4,1,0
0,0,0,0,0,0,0,0,0,3,0,4,0,1,0
0,0,0,0,0,0,0,0,0,4,1,1,7,2,0
0,0,0,0,0,0,0,0,0,3,7,2,19,12,7
0,0,0,0,0,0,0,0,0,1,1,7,7,3,4
0,0,0,0,0,0,0,0,0,1,0,0,2,1,1
0,0,0,0,0,0,0,0,0,2,2,0,0,0,1
0,0,0,0,0,0,0,0,0,1,1,1,1,0,0
0,0,0,0,0,0,0,0,0,2,0,0,0,1,0
0,0,0,0,0,0,0,0,0,2,4,11,5,0,0
0,0,0,0,0,0,0,0,0,5,0,3,1,2,1
0,0,0,0,0,0,0,0,0,8,3,3,7,8,25
0,0,0,0,0,0,0,0,0,1,0,1,1,1,1
0,0,0,0,0,0,0,0,0,3,2,3,1,1,0
0,0,0,0,0,0,0,0,0,1,0,2,13,2,7
0,0,0,0,0,0,0,0,0,1,6,4,3,20,5
0,0,0,0,0,0,0,0,0,1,0,1,12,15,16
0,0,0,0,0,0,0,0,0,1,0,1,1,0,1
0,0,0,0,0,0,0,0,0,2,11,2,0,1,1
0,0,0,0,0,0,0,0,0,1,0,1,0,0,1
0,0,0,0,0,0,0,0,0,1,1,13,12,3,2
0,0,0,0,0,0,0,0,0,1,1,2,4,1,0
0,0,0,0,0,0,0,0,0,1,0,8,0,0,1
0,0,0,0,0,0,0,0,0,1,0,1,0,0,0
0,0,0,0,0,0,0,0,0,1,1,0,2,2,0
0,0,0,0,0,0,0,0,0,2,2,1,0,0,1
0,0,0,0,0,0,0,0,0,3,2,13,7,8,6
0,0,0,0,0,0,0,0,0,4,0,1,1,0,0
0,0,0,0,0,0,0,0,0,1,0,0,0,0,0
0,0,0,0,0,0,0,0,0,1,1,0,1,0,0
0,0,0,0,0,0,0,0,0,1,1,0,0,0,0
0,0,0,0,0,0,0,0,0,1,2,4,8,4,8
0,0,0,0,0,0,0,0,0,3,0,0,0,1,1
0,0,0,0,0,0,0,0,0,1,1,3,0,3,2
0,0,0,0,0,0,0,0,0,2,2,3,6,2,1
0,0,0,0,0,0,0,0,0,2,1,1,4,2,0
0,0,0,0,0,0,0,0,0,1,0,0,0,0,0
0,0,0,0,0,0,0,0,0,1,2,8,4,1,3
0,0,0,0,0,0,0,0,0,3,3,1,9,17,9
0,0,0,0,0,0,0,0,0,1,0,0,0,0,0
0,0,0,0,0,0,0,0,0,1,0,1,0,0,0
0,0,0,0,0,0,0,0,0,1,0,1,0,1,0
0,0,0,0,0,0,0,0,0,1,0,0,0,0,0
0,0,0,0,0,0,0,0,0,2,0,11,18,14,10
0,0,0,0,0,0,0,0,0,1,1,0,0,0,0
0,0,0,0,0,0,0,0,0,1,0,0,1,0,0
0,0,0,0,0,0,0,0,0,1,7,17,14,8,0
0,0,0,0,0,0,0,0,0,2,0,5,4,2,0
0,0,0,0,0,0,0,0,0,1,0,0,0,0,0
0,0,0,0,0,0,0,0,0,1,0,0,0,0,0
0,0,0,0,0,0,0,0,0,3,0,7,6,0,0
0,0,0,0,0,0,0,0,0,1,0,0,0,0,0
0,0,0,0,0,0,0,0,0,2,0,0,0,0,0
0,0,0,0,0,0,0,0,0,1,16,0,0,0,0
0,0,0,0,0,0,0,0,0,1,0,0,0,0,0
0,0,0,0,0,0,0,0,0,1,1,0,0,0,0
0,0,0,0,0,0,0,0,0,1,0,0,2,1,0
0,0,0,0,0,0,0,0,0,1,0,0,0,0,1
0,0,0,0,0,0,0,0,0,1,0,2,0,0,0
0,0,0,0,0,0,0,0,0,1,0,0,0,0,0
0,0,0,0,0,0,0,0,0,2,0,1,0,1,2
0,0,0,0,0,0,0,0,0,1,0,5,0,0,1
0,0,0,0,0,0,0,0,0,4,4,5,9,5,7
0,0,0,0,0,0,0,0,0,1,0,13,7,6,9
0,0,0,0,0,0,0,0,0,1,0,1,1,0,0
0,0,0,0,0,0,0,0,0,1,1,1,0,2,0
0,0,0,0,0,0,0,0,0,1,0,0,0,0,0
0,0,0,0,0,0,0,0,0,1,0,0,0,0,0
0,0,0,0,0,0,0,0,0,1,0,0,0,0,1
0,0,0,0,0,0,0,0,0,1,0,0,0,0,0
0,0,0,0,0,0,0,0,0,1,0,7,0,2,3
0,0,0,0,0,0,0,0,0,2,0,1,0,3,0
0,0,0,0,0,0,0,0,0,3,0,6,14,9,4
0,0,0,0,0,0,0,0,0,2,1,6,10,11,11
0,0,0,0,0,0,0,0,0,1,2,2,1,0,0
0,0,0,0,0,0,0,0,0,1,0,1,0,0,1
0,0,0,0,0,0,0,0,0,1,0,1,1,1,1
0,0,0,0,0,0,0,0,0,2,0,0,0,1,0
0,0,0,0,0,0,0,0,0,1,0,0,0,0,0
0,0,0,0,0,0,0,0,0,1,0,0,0,0,0
0,0,0,0,0,0,0,0,0,1,0,0,0,1,0
0,0,0,0,0,0,0,0,0,1,0,0,1,2,0
0,0,0,0,0,0,0,0,0,1,0,0,2,0,0
0,0,0,0,0,0,0,0,0,1,0,0,0,0,0
0,0,0,0,0,0,0,0,0,1,1,0,0,1,0
0,0,0,0,0,0,0,0,0,1,0,16,0,0,0
0,0,0,0,0,0,0,0,0,2,4,2,0,0,0
0,0,0,0,0,0,0,0,0,3,9,12,20,15,10
0,0,0,0,0,0,0,0,0,1,0,0,0,0,0
0,0,0,0,0,0,0,0,0,1,0,0,1,0,1
0,0,0,0,0,0,0,0,0,1,0,0,0,0,0
0,0,0,0,0,0,0,0,0,1,0,0,0,0,0
0,0,0,0,0,0,0,0,0,1,1,0,0,0,0
0,0,0,0,0,0,0,0,0,2,0,0,0,0,0
0,0,0,0,0,0,0,0,0,1,0,0,0,1,1
0,0,0,0,0,0,0,0,0,1,3,1,0,0,0
0,0,0,0,0,0,0,0,0,1,1,6,3,10,7
0,0,0,0,0,0,0,0,0,2,0,6,12,9,31
0,0,0,0,0,0,0,0,0,2,0,0,1,0,0
0,0,0,0,0,0,0,0,0,1,0,0,0,0,0
0,0,0,0,0,0,0,0,0,1,2,0,1,0,0
0,0,0,0,0,0,0,0,0,0,4,2,0,7,13
0,0,0,0,0,0,0,0,0,0,1,0,3,10,6
0,0,0,0,0,0,0,0,0,0,3,3,0,0,0
0,0,0,0,0,0,0,0,0,0,1,0,0,0,0
0,0,0,0,0,0,0,0,0,0,10,0,0,16,14
0,0,0,0,0,0,0,0,0,0,2,0,2,0,0
0,0,0,0,0,0,0,0,0,0,10,8,6,1,0
0,0,0,0,0,0,0,0,0,0,4,9,20,7,0
0,0,0,0,0,0,0,0,0,0,1,0,3,2,0
0,0,0,0,0,0,0,0,0,0,10,0,5,10,15
0,0,0,0,0,0,0,0,0,0,1,0,0,0,0
0,0,0,0,0,0,0,0,0,0,2,1,1,1,1
0,0,0,0,0,0,0,0,0,0,2,0,0,0,0
0,0,0,0,0,0,0,0,0,0,1,0,0,0,0
0,0,0,0,0,0,0,0,0,0,8,2,0,0,0
0,0,0,0,0,0,0,0,0,0,1,0,0,1,1
0,0,0,0,0,0,0,0,0,0,7,0,1,0,0
0,0,0,0,0,0,0,0,0,0,1,7,17,5,5
0,0,0,0,0,0,0,0,0,0,1,0,0,0,0
0,0,0,0,0,0,0,0,0,0,6,0,11,8,11
0,0,0,0,0,0,0,0,0,0,1,0,0,0,0
0,0,0,0,0,0,0,0,0,0,15,7,14,10,0
0,0,0,0,0,0,0,0,0,0,3,0,14,15,15
0,0,0,0,0,0,0,0,0,0,10,6,3,0,0
0,0,0,0,0,0,0,0,0,0,3,0,3,0,0
0,0,0,0,0,0,0,0,0,0,5,0,6,6,6
0,0,0,0,0,0,0,0,0,0,1,0,0,1,0
0,0,0,0,0,0,0,0,0,0,1,0,1,0,0
0,0,0,0,0,0,0,0,0,0,1,0,0,0,0
0,0,0,0,0,0,0,0,0,0,5,1,2,3,2
0,0,0,0,0,0,0,0,0,0,2,2,0,0,3
0,0,0,0,0,0,0,0,0,0,8,0,0,3,0
0,0,0,0,0,0,0,0,0,0,1,0,1,0,0
0,0,0,0,0,0,0,0,0,0,1,0,0,0,0
0,0,0,0,0,0,0,0,0,0,2,0,1,0,0
0,0,0,0,0,0,0,0,0,0,2,0,0,1,0
0,0,0,0,0,0,0,0,0,0,1,0,0,0,0
0,0,0,0,0,0,0,0,0,0,3,0,10,5,2
0,0,0,0,0,0,0,0,0,0,1,1,0,0,0
0,0,0,0,0,0,0,0,0,0,1,0,0,0,0
0,0,0,0,0,0,0,0,0,0,1,4,3,1,1
0,0,0,0,0,0,0,0,0,0,8,0,1,0,0
0,0,0,0,0,0,0,0,0,0,1,1,0,0,0
0,0,0,0,0,0,0,0,0,0,1,0,1,2,1
0,0,0,0,0,0,0,0,0,0,7,1,0,0,0
0,0,0,0,0,0,0,0,0,0,1,0,1,1,2
0,0,0,0,0,0,0,0,0,0,1,1,0,1,1
0,0,0,0,0,0,0,0,0,0,1,1,0,0,0
0,0,0,0,0,0,0,0,0,0,1,0,5,4,5
0,0,0,0,0,0,0,0,0,0,2,5,2,0,0
0,0,0,0,0,0,0,0,0,0,6,1,9,3,6
0,0,0,0,0,0,0,0,0,0,1,1,2,0,2
0,0,0,0,0,0,0,0,0,0,2,1,0,0,0
0,0,0,0,0,0,0,0,0,0,2,0,3,0,1
0,0,0,0,0,0,0,0,0,0,2,1,23,30,32
0,0,0,0,0,0,0,0,0,0,1,2,0,0,1
0,0,0,0,0,0,0,0,0,0,1,0,0,0,0
0,0,0,0,0,0,0,0,0,0,2,0,3,1,0
0,0,0,0,0,0,0,0,0,0,1,1,1,2,0
0,0,0,0,0,0,0,0,0,0,1,3,0,1,0
0,0,0,0,0,0,0,0,0,0,1,0,0,0,0
0,0,0,0,0,0,0,0,0,0,1,1,1,0,0
0,0,0,0,0,0,0,0,0,0,1,0,0,0,2
0,0,0,0,0,0,0,0,0,0,1,1,0,0,0
0,0,0,0,0,0,0,0,0,0,1,2,0,0,0
0,0,0,0,0,0,0,0,0,0,1,2,1,0,0
0,0,0,0,0,0,0,0,0,0,1,2,1,0,0
0,0,0,0,0,0,0,0,0,0,2,0,0,0,1
0,0,0,0,0,0,0,0,0,0,1,0,0,0,0
0,0,0,0,0,0,0,0,0,0,6,0,0,0,0
0,0,0,0,0,0,0,0,0,0,1,0,0,0,0
0,0,0,0,0,0,0,0,0,0,2,0,0,1,1
0,0,0,0,0,0,0,0,0,0,1,1,1,0,0
0,0,0,0,0,0,0,0,0,0,6,13,34,19,9
0,0,0,0,0,0,0,0,0,0,1,4,1,1,0
0,0,0,0,0,0,0,0,0,0,7,5,3,6,13
0,0,0,0,0,0,0,0,0,0,2,7,12,14,0
0,0,0,0,0,0,0,0,0,0,1,0,0,0,1
0,0,0,0,0,0,0,0,0,0,6,0,3,3,0
0,0,0,0,0,0,0,0,0,0,1,0,0,1,2
0,0,0,0,0,0,0,0,0,0,2,0,0,0,0
0,0,0,0,0,0,0,0,0,0,6,6,14,23,39
0,0,0,0,0,0,0,0,0,0,3,0,16,12,5
0,0,0,0,0,0,0,0,0,0,2,0,2,0,0
0,0,0,0,0,0,0,0,0,0,1,1,0,0,0
0,0,0,0,0,0,0,0,0,0,4,3,4,0,0
0,0,0,0,0,0,0,0,0,0,3,0,0,0,0
0,0,0,0,0,0,0,0,0,0,1,0,0,1,1
0,0,0,0,0,0,0,0,0,0,1,0,0,0,0
0,0,0,0,0,0,0,0,0,0,1,0,0,2,0
0,0,0,0,0,0,0,0,0,0,8,1,6,12,19
0,0,0,0,0,0,0,0,0,0,7,0,7,1,0
0,0,0,0,0,0,0,0,0,0,1,0,0,0,0
0,0,0,0,0,0,0,0,0,0,3,1,5,3,4
0,0,0,0,0,0,0,0,0,0,1,0,21,0,1
0,0,0,0,0,0,0,0,0,0,4,1,1,9,5
0,0,0,0,0,0,0,0,0,0,1,0,0,1,0
0,0,0,0,0,0,0,0,0,0,1,0,0,0,0
0,0,0,0,0,0,0,0,0,0,1,0,0,1,0
0,0,0,0,0,0,0,0,0,0,1,1,0,0,0
0,0,0,0,0,0,0,0,0,0,1,0,0,0,0
0,0,0,0,0,0,0,0,0,0,1,0,1,0,0
0,0,0,0,0,0,0,0,0,0,2,0,10,0,0
0,0,0,0,0,0,0,0,0,0,1,0,8,6,0
0,0,0,0,0,0,0,0,0,0,1,1,1,0,1
0,0,0,0,0,0,0,0,0,0,1,1,1,0,0
0,0,0,0,0,0,0,0,0,0,3,0,7,2,0
0,0,0,0,0,0,0,0,0,0,3,0,0,0,0
0,0,0,0,0,0,0,0,0,0,1,0,0,0,0
0,0,0,0,0,0,0,0,0,0,3,0,0,0,0
0,0,0,0,0,0,0,0,0,0,2,0,12,5,0
0,0,0,0,0,0,0,0,0,0,1,0,1,0,3
0,0,0,0,0,0,0,0,0,0,1,0,0,0,0
0,0,0,0,0,0,0,0,0,0,1,0,3,1,1
0,0,0,0,0,0,0,0,0,0,2,13,9,2,2
0,0,0,0,0,0,0,0,0,0,2,1,1,0,3
0,0,0,0,0,0,0,0,0,0,3,1,0,0,0
0,0,0,0,0,0,0,0,0,0,1,1,0,0,0
0,0,0,0,0,0,0,0,0,0,3,0,2,1,14
0,0,0,0,0,0,0,0,0,0,2,0,0,0,0
0,0,0,0,0,0,0,0,0,0,3,6,2,6,5
0,0,0,0,0,0,0,0,0,0,2,6,7,3,4
0,0,0,0,0,0,0,0,0,0,1,0,0,0,0
0,0,0,0,0,0,0,0,0,0,1,0,0,0,1
0,0,0,0,0,0,0,0,0,0,1,0,0,0,0
0,0,0,0,0,0,0,0,0,0,3,0,0,1,0
0,0,0,0,0,0,0,0,0,0,2,11,0,1,0
0,0,0,0,0,0,0,0,0,0,1,0,0,1,0
0,0,0,0,0,0,0,0,0,0,1,0,0,0,0
0,0,0,0,0,0,0,0,0,0,1,0,0,0,0
0,0,0,0,0,0,0,0,0,0,1,0,1,0,0
0,0,0,0,0,0,0,0,0,0,1,0,1,2,0
0,0,0,0,0,0,0,0,0,0,2,16,17,0,1
0,0,0,0,0,0,0,0,0,0,1,0,2,0,1
0,0,0,0,0,0,0,0,0,0,1,0,0,0,0
0,0,0,0,0,0,0,0,0,0,2,0,1,0,0
0,0,0,0,0,0,0,0,0,0,4,0,5,12,3
0,0,0,0,0,0,0,0,0,0,1,0,0,1,1
0,0,0,0,0,0,0,0,0,0,4,6,3,1,0
0,0,0,0,0,0,0,0,0,0,1,0,0,0,0
0,0,0,0,0,0,0,0,0,0,1,0,0,0,0
0,0,0,0,0,0,0,0,0,0,1,0,0,1,1
0,0,0,0,0,0,0,0,0,0,5,0,6,9,30
0,0,0,0,0,0,0,0,0,0,8,0,0,0,0
0,0,0,0,0,0,0,0,0,0,1,0,0,0,0
0,0,0,0,0,0,0,0,0,0,3,0,0,0,1
0,0,0,0,0,0,0,0,0,0,1,0,0,0,0
0,0,0,0,0,0,0,0,0,0,1,0,0,0,0
0,0,0,0,0,0,0,0,0,0,1,4,15,0,1
0,0,0,0,0,0,0,0,0,0,0,5,0,0,0
0,0,0,0,0,0,0,0,0,0,0,1,0,0,0
0,0,0,0,0,0,0,0,0,0,0,1,0,1,3
0,0,0,0,0,0,0,0,0,0,0,15,27,27,45
0,0,0,0,0,0,0,0,0,0,0,1,0,0,0
0,0,0,0,0,0,0,0,0,0,0,9,0,0,0
0,0,0,0,0,0,0,0,0,0,0,1,0,0,0
0,0,0,0,0,0,0,0,0,0,0,1,0,2,0
0,0,0,0,0,0,0,0,0,0,0,1,0,2,0
0,0,0,0,0,0,0,0,0,0,0,1,0,0,0
0,0,0,0,0,0,0,0,0,0,0,1,0,0,0
0,0,0,0,0,0,0,0,0,0,0,2,0,1,1
0,0,0,0,0,0,0,0,0,0,0,1,0,0,1
0,0,0,0,0,0,0,0,0,0,0,1,0,0,0
0,0,0,0,0,0,0,0,0,0,0,1,0,1,0
0,0,0,0,0,0,0,0,0,0,0,1,0,0,0
0,0,0,0,0,0,0,0,0,0,0,1,0,0,0
0,0,0,0,0,0,0,0,0,0,0,1,1,0,2
0,0,0,0,0,0,0,0,0,0,0,1,0,0,0
0,0,0,0,0,0,0,0,0,0,0,1,0,3,0
0,0,0,0,0,0,0,0,0,0,0,1,0,1,1
0,0,0,0,0,0,0,0,0,0,0,1,0,1,2
0,0,0,0,0,0,0,0,0,0,0,1,0,0,0
0,0,0,0,0,0,0,0,0,0,0,1,1,0,0
0,0,0,0,0,0,0,0,0,0,0,1,1,0,0
0,0,0,0,0,0,0,0,0,0,0,4,0,4,3
0,0,0,0,0,0,0,0,0,0,0,2,0,0,0
0,0,0,0,0,0,0,0,0,0,0,1,1,0,0
0,0,0,0,0,0,0,0,0,0,0,1,0,1,0
0,0,0,0,0,0,0,0,0,0,0,1,0,0,1
0,0,0,0,0,0,0,0,0,0,0,1,0,0,0
0,0,0,0,0,0,0,0,0,0,0,1,0,0,0
0,0,0,0,0,0,0,0,0,0,0,1,1,1,1
0,0,0,0,0,0,0,0,0,0,0,1,3,0,1
0,0,0,0,0,0,0,0,0,0,0,1,0,0,0
0,0,0,0,0,0,0,0,0,0,0,1,0,0,1
0,0,0,0,0,0,0,0,0,0,0,1,0,0,0
0,0,0,0,0,0,0,0,0,0,0,1,8,3,7
0,0,0,0,0,0,0,0,0,0,0,1,0,0,1
0,0,0,0,0,0,0,0,0,0,0,1,0,0,0
0,0,0,0,0,0,0,0,0,0,0,1,0,0,0
0,0,0,0,0,0,0,0,0,0,0,1,0,0,0
0,0,0,0,0,0,0,0,0,0,0,1,0,0,0
0,0,0,0,0,0,0,0,0,0,0,1,1,0,0
0,0,0,0,0,0,0,0,0,0,0,1,1,1,0
0,0,0,0,0,0,0,0,0,0,0,1,0,0,0
0,0,0,0,0,0,0,0,0,0,0,1,0,0,0
0,0,0,0,0,0,0,0,0,0,0,1,0,0,0
0,0,0,0,0,0,0,0,0,0,0,1,0,0,1
0,0,0,0,0,0,0,0,0,0,0,1,0,1,0
0,0,0,0,0,0,0,0,0,0,0,5,4,7,11
0,0,0,0,0,0,0,0,0,0,0,1,0,1,0
0,0,0,0,0,0,0,0,0,0,0,1,0,0,0
0,0,0,0,0,0,0,0,0,0,0,1,1,0,0
0,0,0,0,0,0,0,0,0,0,0,1,0,0,0
0,0,0,0,0,0,0,0,0,0,0,1,0,0,0
0,0,0,0,0,0,0,0,0,0,0,1,1,0,0
0,0,0,0,0,0,0,0,0,0,0,1,0,0,0
0,0,0,0,0,0,0,0,0,0,0,1,0,0,0
0,0,0,0,0,0,0,0,0,0,0,2,5,1,0
0,0,0,0,0,0,0,0,0,0,0,1,0,0,0
0,0,0,0,0,0,0,0,0,0,0,1,0,0,0
0,0,0,0,0,0,0,0,0,0,0,2,0,0,0
0,0,0,0,0,0,0,0,0,0,0,1,0,0,0
0,0,0,0,0,0,0,0,0,0,0,2,0,0,0
0,0,0,0,0,0,0,0,0,0,0,1,0,0,0
0,0,0,0,0,0,0,0,0,0,0,1,0,0,0
0,0,0,0,0,0,0,0,0,0,0,3,0,0,0
0,0,0,0,0,0,0,0,0,0,0,3,12,9,8
0,0,0,0,0,0,0,0,0,0,0,7,11,1,1
0,0,0,0,0,0,0,0,0,0,0,1,0,0,0
0,0,0,0,0,0,0,0,0,0,0,1,0,0,0
0,0,0,0,0,0,0,0,0,0,0,1,5,10,1
0,0,0,0,0,0,0,0,0,0,0,4,0,0,0
0,0,0,0,0,0,0,0,0,0,0,1,0,0,0
0,0,0,0,0,0,0,0,0,0,0,2,0,0,0
0,0,0,0,0,0,0,0,0,0,0,2,0,0,0
0,0,0,0,0,0,0,0,0,0,0,1,0,0,0
0,0,0,0,0,0,0,0,0,0,0,4,4,5,2
0,0,0,0,0,0,0,0,0,0,0,1,0,0,0
0,0,0,0,0,0,0,0,0,0,0,1,0,0,0
0,0,0,0,0,0,0,0,0,0,0,1,0,0,0
0,0,0,0,0,0,0,0,0,0,0,2,1,1,0
0,0,0,0,0,0,0,0,0,0,0,1,0,1,1
0,0,0,0,0,0,0,0,0,0,0,2,0,2,1
0,0,0,0,0,0,0,0,0,0,0,1,0,0,0
0,0,0,0,0,0,0,0,0,0,0,1,0,0,0
0,0,0,0,0,0,0,0,0,0,0,1,1,0,0
0,0,0,0,0,0,0,0,0,0,0,1,0,0,0
0,0,0,0,0,0,0,0,0,0,0,0,7,1,0
0,0,0,0,0,0,0,0,0,0,0,0,1,0,1
0,0,0,0,0,0,0,0,0,0,0,0,1,0,0
0,0,0,0,0,0,0,0,0,0,0,0,1,0,0
0,0,0,0,0,0,0,0,0,0,0,0,1,3,0
0,0,0,0,0,0,0,0,0,0,0,0,2,0,1
0,0,0,0,0,0,0,0,0,0,0,0,1,0,0
0,0,0,0,0,0,0,0,0,0,0,0,1,0,0
0,0,0,0,0,0,0,0,0,0,0,0,1,0,0
0,0,0,0,0,0,0,0,0,0,0,0,1,0,0
0,0,0,0,0,0,0,0,0,0,0,0,1,0,0
0,0,0,0,0,0,0,0,0,0,0,0,6,10,6
0,0,0,0,0,0,0,0,0,0,0,0,4,0,5
0,0,0,0,0,0,0,0,0,0,0,0,1,1,0
0,0,0,0,0,0,0,0,0,0,0,0,1,0,0
0,0,0,0,0,0,0,0,0,0,0,0,1,0,0
0,0,0,0,0,0,0,0,0,0,0,0,2,0,5
0,0,0,0,0,0,0,0,0,0,0,0,5,1,0
0,0,0,0,0,0,0,0,0,0,0,0,1,0,0
0,0,0,0,0,0,0,0,0,0,0,0,1,0,1
0,0,0,0,0,0,0,0,0,0,0,0,1,0,0
0,0,0,0,0,0,0,0,0,0,0,0,2,0,0
0,0,0,0,0,0,0,0,0,0,0,0,1,0,0
0,0,0,0,0,0,0,0,0,0,0,0,6,0,8
0,0,0,0,0,0,0,0,0,0,0,0,2,0,1
0,0,0,0,0,0,0,0,0,0,0,0,1,0,0
0,0,0,0,0,0,0,0,0,0,0,0,1,2,0
0,0,0,0,0,0,0,0,0,0,0,0,1,0,0
0,0,0,0,0,0,0,0,0,0,0,0,1,0,0
0,0,0,0,0,0,0,0,0,0,0,0,1,0,1
0,0,0,0,0,0,0,0,0,0,0,0,1,0,0
0,0,0,0,0,0,0,0,0,0,0,0,1,1,0
0,0,0,0,0,0,0,0,0,0,0,0,1,0,0
0,0,0,0,0,0,0,0,0,0,0,0,1,0,0
0,0,0,0,0,0,0,0,0,0,0,0,1,0,0
0,0,0,0,0,0,0,0,0,0,0,0,1,0,0
0,0,0,0,0,0,0,0,0,0,0,0,1,0,0
0,0,0,0,0,0,0,0,0,0,0,0,1,0,0
0,0,0,0,0,0,0,0,0,0,0,0,1,0,1
0,0,0,0,0,0,0,0,0,0,0,0,1,0,0
0,0,0,0,0,0,0,0,0,0,0,0,1,1,1
0,0,0,0,0,0,0,0,0,0,0,0,1,0,1
0,0,0,0,0,0,0,0,0,0,0,0,1,0,3
0,0,0,0,0,0,0,0,0,0,0,0,1,0,0
0,0,0,0,0,0,0,0,0,0,0,0,1,0,1
0,0,0,0,0,0,0,0,0,0,0,0,1,1,1
0,0,0,0,0,0,0,0,0,0,0,0,1,0,0
0,0,0,0,0,0,0,0,0,0,0,0,1,0,0
0,0,0,0,0,0,0,0,0,0,0,0,1,0,0
0,0,0,0,0,0,0,0,0,0,0,0,1,0,6
0,0,0,0,0,0,0,0,0,0,0,0,2,0,0
0,0,0,0,0,0,0,0,0,0,0,0,2,0,0
0,0,0,0,0,0,0,0,0,0,0,0,1,0,1
0,0,0,0,0,0,0,0,0,0,0,0,1,0,1
0,0,0,0,0,0,0,0,0,0,0,0,1,0,0
0,0,0,0,0,0,0,0,0,0,0,0,0,2,11
0,0,0,0,0,0,0,0,0,0,0,0,0,1,1
0,0,0,0,0,0,0,0,0,0,0,0,0,1,0
0,0,0,0,0,0,0,0,0,0,0,0,0,2,0
0,0,0,0,0,0,0,0,0,0,0,0,0,1,0
0,0,0,0,0,0,0,0,0,0,0,0,0,1,8
0,0,0,0,0,0,0,0,0,0,0,0,0,1,2
0,0,0,0,0,0,0,0,0,0,0,0,0,1,0
0,0,0,0,0,0,0,0,0,0,0,0,0,1,0
0,0,0,0,0,0,0,0,0,0,0,0,0,1,0
0,0,0,0,0,0,0,0,0,0,0,0,0,10,13
0,0,0,0,0,0,0,0,0,0,0,0,0,1,0
0,0,0,0,0,0,0,0,0,0,0,0,0,1,2
0,0,0,0,0,0,0,0,0,0,0,0,0,6,8
0,0,0,0,0,0,0,0,0,0,0,0,0,1,0
0,0,0,0,0,0,0,0,0,0,0,0,0,1,0
0,0,0,0,0,0,0,0,0,0,0,0,0,1,0
0,0,0,0,0,0,0,0,0,0,0,0,0,1,0
0,0,0,0,0,0,0,0,0,0,0,0,0,1,0
0,0,0,0,0,0,0,0,0,0,0,0,0,4,0
0,0,0,0,0,0,0,0,0,0,0,0,0,1,0
0,0,0,0,0,0,0,0,0,0,0,0,0,1,0
0,0,0,0,0,0,0,0,0,0,0,0,0,1,0
0,0,0,0,0,0,0,0,0,0,0,0,0,4,0
0,0,0,0,0,0,0,0,0,0,0,0,0,1,0
0,0,0,0,0,0,0,0,0,0,0,0,0,1,0
0,0,0,0,0,0,0,0,0,0,0,0,0,2,0
0,0,0,0,0,0,0,0,0,0,0,0,0,1,0
0,0,0,0,0,0,0,0,0,0,0,0,0,2,0
0,0,0,0,0,0,0,0,0,0,0,0,0,1,1
0,0,0,0,0,0,0,0,0,0,0,0,0,1,0
0,0,0,0,0,0,0,0,0,0,0,0,0,3,0
0,0,0,0,0,0,0,0,0,0,0,0,0,9,8
0,0,0,0,0,0,0,0,0,0,0,0,0,3,0
0,0,0,0,0,0,0,0,0,0,0,0,0,1,0
0,0,0,0,0,0,0,0,0,0,0,0,0,1,0
0,0,0,0,0,0,0,0,0,0,0,0,0,1,0
0,0,0,0,0,0,0,0,0,0,0,0,0,1,1
0,0,0,0,0,0,0,0,0,0,0,0,0,1,0
0,0,0,0,0,0,0,0,0,0,0,0,0,1,0
0,0,0,0,0,0,0,0,0,0,0,0,0,2,4
0,0,0,0,0,0,0,0,0,0,0,0,0,1,1
0,0,0,0,0,0,0,0,0,0,0,0,0,1,0
0,0,0,0,0,0,0,0,0,0,0,0,0,1,0
0,0,0,0,0,0,0,0,0,0,0,0,0,6,0
0,0,0,0,0,0,0,0,0,0,0,0,0,2,6
0,0,0,0,0,0,0,0,0,0,0,0,0,1,0
0,0,0,0,0,0,0,0,0,0,0,0,0,1,0
0,0,0,0,0,0,0,0,0,0,0,0,0,1,0
0,0,0,0,0,0,0,0,0,0,0,0,0,1,0
0,0,0,0,0,0,0,0,0,0,0,0,0,3,0
0,0,0,0,0,0,0,0,0,0,0,0,0,2,0
0,0,0,0,0,0,0,0,0,0,0,0,0,1,0
0,0,0,0,0,0,0,0,0,0,0,0,0,1,1
0,0,0,0,0,0,0,0,0,0,0,0,0,1,0
0,0,0,0,0,0,0,0,0,0,0,0,0,1,0
0,0,0,0,0,0,0,0,0,0,0,0,0,1,0
0,0,0,0,0,0,0,0,0,0,0,0,0,2,0
0,0,0,0,0,0,0,0,0,0,0,0,0,1,0
0,0,0,0,0,0,0,0,0,0,0,0,0,1,0
0,0,0,0,0,0,0,0,0,0,0,0,0,1,0
0,0,0,0,0,0,0,0,0,0,0,0,0,2,0
0,0,0,0,0,0,0,0,0,0,0,0,0,1,1
0,0,0,0,0,0,0,0,0,0,0,0,0,2,1
0,0,0,0,0,0,0,0,0,0,0,0,0,1,0
0,0,0,0,0,0,0,0,0,0,0,0,0,1,0
0,0,0,0,0,0,0,0,0,0,0,0,0,1,0
0,0,0,0,0,0,0,0,0,0,0,0,0,5,6
0,0,0,0,0,0,0,0,0,0,0,0,0,6,2
0,0,0,0,0,0,0,0,0,0,0,0,0,2,0
0,0,0,0,0,0,0,0,0,0,0,0,0,1,1
0,0,0,0,0,0,0,0,0,0,0,0,0,1,0
0,0,0,0,0,0,0,0,0,0,0,0,0,7,1
0,0,0,0,0,0,0,0,0,0,0,0,0,1,0
4,26,18,43,61,84,25,10,9,7,0,0,0,3,0
1,7,13,0,0,0,0,2,0,0,0,0,0,0,0
5,1,0,0,0,0,0,0,0,0,0,0,0,0,0
5,28,1,3,3,3,3,4,6,2,2,1,0,0,1
4,4,6,3,3,7,0,1,0,5,1,0,0,3,2
4,9,2,3,3,1,3,1,0,0,0,0,0,0,0
2,17,0,1,0,0,0,0,0,0,0,0,0,0,0
5,11,8,1,2,0,0,1,0,2,3,1,0,1,0
2,16,13,6,9,1,14,0,3,1,0,0,1,0,0
2,18,12,11,14,5,21,2,0,2,0,1,0,0,0
2,33,16,0,0,1,0,1,0,0,0,0,0,0,0
2,32,33,7,8,6,1,1,6,6,8,23,15,1,0
7,17,46,25,0,0,0,0,0,0,0,0,0,0,0
1,25,10,8,4,8,3,2,1,1,0,2,0,0,0
3,0,1,5,4,12,7,9,3,0,0,0,0,0,0
4,6,14,14,15,10,4,0,0,0,2,0,0,0,1
5,18,2,5,10,0,3,2,2,0,0,1,0,0,0
3,27,4,2,4,0,0,1,0,0,0,0,0,0,0
5,8,9,5,3,0,0,0,0,0,0,0,0,0,0
9,8,1,0,0,0,0,0,0,0,0,0,0,0,0
2,3,1,3,3,0,1,1,0,2,0,0,0,0,0
4,7,2,0,0,1,0,0,0,0,0,0,1,0,0
1,14,0,0,0,0,0,0,0,0,0,0,0,0,0
5,16,0,0,0,0,0,0,0,0,0,0,0,0,0
2,4,0,3,5,1,0,0,0,0,0,0,0,0,0
5,13,12,2,0,5,1,0,0,0,4,0,0,0,0
1,8,0,0,0,0,0,0,0,0,0,0,0,0,0
1,6,10,17,1,0,0,0,0,0,0,0,0,0,0
0,1,0,0,0,0,0,0,0,0,12,16,31,14,8
0,13,12,8,3,3,1,7,6,1,0,0,0,0,0
0,8,7,9,7,0,0,0,1,1,1,0,0,0,0
0,5,8,0,2,4,0,1,2,5,1,2,0,0,0
0,6,8,5,6,0,0,0,1,0,0,0,0,0,0
0,2,13,2,8,6,0,5,7,6,20,11,0,0,0
0,7,3,9,0,0,0,0,0,0,0,0,0,0,0
1,7,3,8,4,8,12,14,8,4,5,9,11,5,1
3,18,13,12,0,11,7,5,5,4,4,7,2,0,1
1,16,9,11,5,12,11,14,11,30,12,5,4,4,6
5,10,0,0,0,0,0,0,0,1,0,0,0,0,0
2,10,6,18,6,8,13,0,1,3,0,0,0,0,0
3,2,0,1,0,0,0,0,0,0,0,0,0,0,0
2,10,1,10,0,0,0,0,0,0,0,0,0,0,0
3,9,1,0,2,2,1,2,1,0,0,0,0,0,0
1,6,8,14,7,0,0,0,0,0,0,0,0,0,0
0,1,19,13,10,18,0,0,0,0,0,0,0,0,0
0,6,7,15,0,0,1,1,0,0,0,1,0,0,0
0,5,9,7,10,18,30,16,40,35,58,44,37,0,0
0,2,4,2,0,0,0,0,1,0,0,0,0,0,0
0,12,12,4,2,3,1,2,0,1,1,1,0,3,0
0,8,1,3,0,0,1,0,0,0,0,1,3,3,2
0,5,34,19,11,0,2,12,0,0,0,0,0,0,0
0,5,20,16,14,2,5,0,0,1,0,0,0,0,0
0,3,14,9,9,25,14,6,3,8,1,0,2,1,0
0,6,34,1,0,0,0,1,0,1,4,1,0,0,0
0,4,20,25,1,1,3,1,1,1,6,5,5,0,1
0,15,21,58,49,24,26,35,20,20,18,19,16,0,0
0,1,8,12,13,8,20,10,13,11,1,6,0,0,0
0,1,8,0,0,0,0,0,0,0,0,0,0,0,0
0,8,4,4,3,12,4,0,1,1,2,2,0,0,0
0,12,7,12,2,4,3,1,2,1,1,0,1,0,0
0,14,45,63,52,25,29,21,9,17,20,1,0,0,0
0,5,12,0,2,0,0,0,0,0,0,0,0,0,0
0,9,2,1,0,0,0,0,0,0,0,0,0,0,0
0,6,5,2,1,0,0,0,0,0,0,0,0,0,0
0,6,5,0,0,0,0,0,0,0,0,0,0,0,0
0,5,22,7,4,4,9,11,4,11,15,7,19,11,7
0,5,3,0,1,0,0,0,0,0,0,0,0,0,0
0,10,0,0,0,0,0,0,0,0,0,0,0,0,0
0,3,26,20,0,0,0,0,0,0,0,0,0,0,0
0,4,9,6,6,11,12,15,0,8,2,4,2,0,8
0,6,20,5,2,5,6,10,0,0,0,0,0,0,0
0,3,9,17,0,1,0,0,0,1,0,0,0,0,0
0,13,0,3,8,0,0,1,0,0,3,0,0,0,0
0,6,7,9,7,5,3,2,5,3,3,2,4,0,0
0,11,0,0,1,0,0,0,0,0,0,0,0,0,0
0,10,7,6,7,5,6,2,3,11,7,0,1,0,1
0,12,0,1,0,0,0,0,0,0,0,0,0,0,0
0,1,4,3,5,2,4,8,21,2,1,1,1,1,0
0,5,12,7,7,0,2,0,2,1,0,0,0,0,0
0,6,25,25,14,7,12,11,11,13,4,6,3,15,14
0,6,9,0,2,1,1,0,0,0,0,0,0,0,0
0,6,7,5,4,7,0,0,0,0,0,0,0,0,0
0,6,7,9,0,0,0,0,0,0,0,0,0,0,0
0,1,3,2,2,1,2,2,1,1,1,0,5,0,0
0,3,1,4,4,1,1,1,0,0,0,0,1,0,0
0,2,11,0,0,0,1,0,0,0,0,0,0,0,0
0,15,32,15,10,1,7,11,0,0,0,0,1,0,1
0,4,40,27,18,10,0,2,0,0,0,0,0,0,0
0,6,16,17,10,2,9,1,0,1,0,1,1,0,0
0,3,2,9,0,0,0,1,1,1,0,1,4,0,0
0,2,2,8,8,3,0,1,0,0,0,0,2,0,0
4,7,4,5,3,0,0,0,0,0,0,0,0,0,0
1,1,3,0,0,0,0,1,0,0,0,1,0,0,0
6,12,9,13,24,21,16,6,20,9,2,1,1,1,0
6,10,5,7,1,4,3,6,0,1,0,0,0,0,0
4,17,5,11,13,2,4,2,0,0,0,0,0,0,0
2,4,1,2,0,2,0,1,0,0,0,0,0,0,0
4,5,10,10,8,9,7,2,5,0,0,1,2,1,0
7,7,4,8,7,1,0,1,1,4,3,3,1,0,1
1,5,6,14,14,1,9,0,0,0,0,0,0,0,0
1,10,9,25,28,26,19,0,30,9,12,26,3,12,0
1,15,11,10,4,7,4,2,2,3,0,0,1,0,2
4,4,5,10,7,15,13,6,1,0,0,0,0,0,0
5,9,4,8,7,8,7,1,3,4,3,0,0,0,0
2,3,0,1,0,0,0,0,0,0,0,0,0,0,0
1,17,10,0,2,0,1,1,0,0,1,0,0,1,0
6,5,20,3,1,1,0,6,10,9,5,8,4,7,4
3,13,9,6,5,3,1,8,0,0,1,3,2,9,0
4,0,4,5,2,2,0,0,0,0,0,0,0,0,0
9,7,5,3,6,1,5,0,0,0,0,0,0,0,0
2,6,19,14,4,7,8,0,17,13,5,0,0,0,0
2,8,7,5,3,6,1,0,3,0,0,0,0,0,0
10,2,11,3,2,2,1,0,3,2,0,0,0,0,0
9,3,9,8,9,9,8,10,17,10,7,2,1,0,0
2,1,0,6,2,1,1,2,0,0,0,0,0,0,0
1,4,10,3,4,8,23,13,9,3,0,1,1,2,0
5,3,3,4,2,10,6,11,1,0,0,0,0,0,0
2,2,3,3,2,6,3,2,1,2,0,0,0,0,2
1,19,13,1,4,2,2,0,2,3,3,2,0,0,0
0,0,4,22,2,2,0,1,0,1,0,0,2,0,0
0,0,4,32,9,14,16,8,0,0,0,0,0,0,0
0,0,2,1,1,5,1,3,3,1,0,0,0,0,0
0,0,6,7,8,7,0,0,0,1,0,1,0,0,0
0,0,1,3,1,3,2,1,2,0,0,0,1,0,0
0,0,2,8,7,3,2,7,13,26,15,6,6,1,0
0,0,3,10,5,0,0,0,0,0,0,1,0,0,0
0,0,8,36,35,24,52,42,19,40,47,40,20,0,0
0,0,3,32,26,15,0,2,0,0,0,0,1,1,1
0,0,2,7,5,4,7,12,2,8,10,10,1,0,0
0,0,5,17,5,3,1,2,1,0,0,0,0,0,0
0,0,1,7,3,1,1,0,1,1,1,0,0,0,0
0,0,4,10,12,22,3,0,0,0,2,0,0,0,0
0,0,2,0,4,2,1,0,1,0,0,0,0,0,0
0,0,7,27,8,11,13,11,8,6,14,5,18,9,8
0,0,13,35,27,24,7,21,5,22,21,29,18,0,0
0,0,1,13,13,7,2,2,0,0,0,0,0,0,0
0,0,5,4,11,4,4,7,6,3,8,2,0,0,0
0,0,3,0,0,0,0,0,0,0,0,0,4,0,0
0,0,12,5,0,0,0,2,0,0,0,0,0,0,0
0,0,2,57,15,17,29,0,1,0,0,0,0,0,0
0,0,4,0,2,0,1,0,0,0,1,0,0,0,0
0,0,1,0,1,0,2,2,3,0,2,1,4,1,1
0,0,1,11,18,16,11,12,9,10,3,4,0,2,0
0,0,2,11,13,17,18,12,15,0,0,0,1,1,0
0,0,5,8,8,1,5,3,5,3,5,5,0,0,0
0,0,3,9,7,4,5,3,3,5,5,0,0,0,0
0,0,4,12,6,2,0,0,0,1,0,0,0,0,0
0,0,2,9,2,0,1,0,1,1,1,0,1,0,2
0,0,3,12,2,1,2,3,1,4,0,1,0,0,0
0,0,4,1,1,7,4,5,0,1,0,0,1,0,0
0,0,3,9,4,7,17,3,6,5,5,16,9,16,27
0,0,2,0,0,2,1,0,0,0,0,1,1,1,0
0,0,3,9,3,0,0,1,0,1,0,1,0,0,0
0,0,3,7,1,4,11,1,0,1,0,0,0,0,0
0,0,4,6,23,5,1,1,0,3,2,1,1,0,0
0,0,4,4,3,3,0,0,1,3,0,0,1,0,0
0,0,2,9,14,9,5,5,5,12,18,13,14,16,9
0,0,5,0,3,0,1,1,0,0,0,0,0,0,0
0,0,3,12,4,0,0,1,0,5,2,1,2,0,0
0,0,3,6,9,2,3,1,1,2,2,1,0,3,0
0,0,2,5,12,5,0,0,0,1,0,0,1,1,0
0,0,3,5,16,20,27,3,0,0,0,0,0,0,0
0,0,2,10,6,17,3,1,1,0,0,0,0,0,1
0,0,2,0,0,0,0,0,0,2,0,0,0,0,0
0,0,7,11,8,5,10,8,18,0,0,0,0,0,0
0,0,0,8,36,23,23,1,0,1,0,1,0,2,0
0,0,0,5,54,20,11,10,24,30,22,24,38,22,29
0,0,0,6,7,3,1,0,0,0,0,0,0,0,0
0,0,0,4,20,9,14,12,10,5,5,0,1,0,0
0,0,0,2,12,18,2,0,0,0,0,0,0,0,0
0,0,0,1,5,3,2,1,7,1,2,0,1,1,0
0,0,0,2,9,19,4,17,3,2,11,7,16,15,11
0,0,0,1,5,5,10,14,8,16,5,2,0,0,1
0,0,0,6,14,12,16,15,25,16,12,15,13,14,0
0,0,0,7,14,10,7,7,2,17,3,14,12,12,4
0,0,0,2,6,6,9,5,3,1,1,1,1,0,0
0,0,0,3,13,4,7,4,7,1,0,1,0,0,0
0,0,0,3,1,1,0,0,0,0,0,0,0,0,0
0,0,0,1,14,10,7,16,4,6,0,0,0,1,0
0,0,0,9,14,10,12,2,1,0,1,0,0,0,0
0,0,0,2,11,16,1,1,3,1,0,0,0,0,0
0,0,0,3,6,0,0,0,0,0,0,0,0,0,0
0,0,0,9,13,11,7,10,32,16,12,20,19,14,19
0,0,0,4,1,4,2,0,0,0,0,0,0,0,0
0,0,0,1,4,4,2,7,5,2,9,7,8,21,8
0,0,0,1,1,1,0,0,0,3,3,2,5,0,1
0,0,0,2,0,0,2,1,3,2,3,3,0,1,1
0,0,0,7,16,12,13,5,1,0,0,0,2,0,0
0,0,0,2,2,0,0,1,0,1,0,0,0,0,0
0,0,0,5,8,3,18,10,1,0,2,3,3,1,0
0,0,0,3,11,6,20,11,1,0,0,1,1,0,0
0,0,0,2,21,0,0,0,0,1,0,1,0,0,0
0,0,0,3,4,5,0,1,1,0,0,0,0,0,0
0,0,0,2,7,3,2,0,1,0,3,1,0,0,2
0,0,0,2,7,10,11,2,4,6,2,2,5,0,2
0,0,0,1,11,2,0,0,0,2,0,0,1,0,0
0,0,0,2,6,16,5,5,0,2,1,0,0,0,0
0,0,0,1,0,1,0,0,0,1,0,0,0,0,0
0,0,0,7,10,1,1,0,0,0,0,0,0,0,0
0,0,0,2,5,1,5,16,2,0,0,0,0,1,0
0,0,0,5,12,9,12,12,0,0,0,0,0,0,0
0,0,0,1,11,0,0,0,0,1,0,0,0,0,0
0,0,0,1,8,10,9,0,0,0,0,0,0,0,0
0,0,0,7,9,0,8,0,0,0,0,0,0,0,0
0,0,0,1,0,3,0,0,0,0,0,0,0,0,0
0,0,0,4,7,13,6,0,0,16,22,16,18,18,27
0,0,0,2,8,4,2,4,6,12,21,11,13,24,2
0,0,0,4,10,0,1,3,0,3,0,0,0,0,0
0,0,0,5,3,18,9,15,2,4,1,0,0,0,0
0,0,0,3,13,0,0,1,0,0,1,0,0,0,0
0,0,0,1,3,1,0,0,0,0,0,0,0,0,0
0,0,0,1,1,0,0,0,0,0,0,1,0,0,0
0,0,0,5,15,4,28,8,4,16,12,18,20,1,0
0,0,0,1,7,0,1,1,0,0,0,0,0,0,0
0,0,0,3,2,1,0,0,1,1,0,0,1,0,0
0,0,0,1,9,7,7,13,11,18,37,29,59,19,7
0,0,0,1,0,2,0,0,0,0,0,0,0,0,0
0,0,0,1,0,0,0,0,0,0,0,1,1,0,0
0,0,0,3,2,9,4,7,12,18,7,0,0,0,0
0,0,0,4,14,7,16,7,13,36,1,1,0,0,0
0,0,0,4,0,0,0,1,1,0,0,1,2,3,0
0,0,0,2,11,9,4,0,1,2,0,0,0,1,0
0,0,0,1,1,0,1,0,1,1,1,0,0,0,0
0,0,0,1,3,2,2,6,2,10,1,0,0,0,0
0,0,0,8,27,1,0,1,1,0,0,0,0,0,0
0,0,0,1,8,3,8,2,0,1,0,0,0,0,0
0,0,0,8,4,11,9,1,6,0,0,0,0,0,0
0,0,0,3,9,3,1,0,0,0,0,0,0,0,0
0,0,0,1,0,0,0,0,0,0,0,0,0,0,0
0,0,0,6,1,4,13,3,2,0,0,0,3,13,5
0,0,0,2,4,0,13,4,5,4,19,0,0,0,0
0,0,0,3,11,0,0,0,0,0,0,0,0,0,0
0,0,0,4,11,11,10,1,2,7,0,0,0,0,0
0,0,0,3,1,7,0,0,0,0,1,0,0,0,0
0,0,0,11,2,0,2,1,0,1,0,0,0,0,0
0,0,0,1,1,0,0,0,0,0,1,0,0,0,0
0,0,0,4,22,1,0,1,0,1,1,0,0,0,0
0,0,0,2,5,2,2,7,8,12,7,16,24,13,15
0,0,0,6,7,12,16,1,1,0,0,0,0,0,0
0,0,0,3,5,0,1,0,2,1,0,0,0,0,0
0,0,0,1,5,13,1,3,0,0,0,0,1,0,0
0,0,0,1,6,0,0,0,0,0,0,0,0,0,0
0,0,0,3,11,1,0,0,1,1,0,0,0,1,0
0,0,0,3,3,8,11,0,0,0,0,0,0,0,1
0,0,0,3,1,3,0,0,1,1,1,1,2,0,0
0,0,0,1,6,11,24,25,23,10,22,14,15,13,11
0,0,0,3,3,0,0,0,0,0,0,0,0,0,0
0,0,0,4,6,6,2,2,0,0,2,1,1,1,0
0,0,0,4,0,0,0,0,1,0,1,1,0,0,0
0,0,0,3,3,3,0,0,0,0,0,1,0,0,0
0,0,0,3,10,0,0,0,0,1,0,0,0,0,0
0,0,0,3,3,5,3,4,7,8,17,25,10,0,0
0,0,0,1,4,5,4,5,10,13,0,0,0,0,0
0,0,0,3,8,0,0,0,0,0,0,0,0,0,0
0,0,0,1,10,0,2,1,0,10,0,1,1,0,0
0,0,0,1,4,1,14,7,5,6,2,0,0,0,1
0,0,0,2,6,14,3,5,0,2,0,1,0,0,0
0,0,0,1,8,0,0,2,1,0,0,0,0,0,0
0,0,0,1,8,6,19,14,12,11,2,0,0,0,0
0,0,0,1,2,0,1,0,0,0,0,0,0,0,0
0,0,0,1,4,5,3,5,0,5,0,1,0,0,0
0,0,0,5,5,0,1,0,1,0,0,0,0,1,0
0,0,0,4,9,11,14,0,1,1,0,2,1,0,0
0,0,0,1,0,0,2,0,0,1,1,0,0,0,1
0,0,0,4,6,9,6,0,0,0,1,0,0,0,0
0,0,0,2,0,0,0,0,2,2,0,4,0,0,0
0,0,0,6,1,0,0,0,0,1,1,0,0,0,0
0,0,0,2,6,6,11,3,1,0,0,0,0,0,1
0,0,0,2,11,6,8,12,8,16,6,0,0,0,0
0,0,0,1,4,3,3,9,0,1,0,0,0,0,0
0,0,0,3,18,12,8,24,17,36,0,2,0,1,0
0,0,0,2,0,1,0,0,0,0,1,0,1,1,0
0,0,0,3,13,5,11,7,15,15,9,7,0,1,0
0,0,0,9,9,8,5,15,9,22,21,17,11,0,0
0,0,0,1,3,8,7,17,13,19,11,25,12,0,0
0,0,0,2,2,9,4,5,0,17,5,1,0,0,0
0,0,0,3,12,24,17,6,15,22,8,18,10,12,0
0,0,0,3,7,4,7,1,2,11,1,6,0,0,0
0,0,0,2,6,3,2,2,1,0,0,0,0,0,0
0,0,0,1,5,0,0,0,0,1,0,0,2,0,0
0,0,0,2,5,5,9,7,12,12,7,15,10,2,13
0,0,0,4,2,0,0,1,0,0,0,0,0,0,0
0,0,0,1,7,8,7,1,6,3,4,9,11,3,8
0,0,0,6,16,17,11,5,0,0,0,0,0,0,0
0,0,0,2,7,0,3,13,2,8,0,0,0,0,0
0,0,0,1,9,4,10,7,4,10,0,0,0,0,0
0,0,0,4,7,10,7,3,1,0,1,0,0,0,0
0,0,0,2,3,0,1,0,0,1,0,0,0,0,0
0,0,0,1,5,1,0,0,0,5,0,0,0,0,0
0,0,0,4,8,7,7,8,3,6,9,14,23,11,7
0,0,0,2,7,2,0,0,2,0,0,0,0,0,0
0,0,0,0,3,5,9,3,3,10,0,0,0,0,0
0,0,0,0,2,1,1,1,0,1,0,1,1,0,0
0,0,0,0,4,12,11,16,15,25,26,1,1,0,0
0,0,0,0,11,10,0,1,0,2,0,0,0,0,0
0,0,0,0,4,3,5,6,12,0,0,0,0,0,0
0,0,0,0,9,6,7,10,0,30,27,30,28,0,0
0,0,0,0,1,0,0,1,1,0,0,0,0,0,0
0,0,0,0,1,7,11,21,12,14,28,35,11,0,0
0,0,0,0,7,14,15,15,0,0,0,2,0,0,0
0,0,0,0,15,13,19,2,4,12,14,15,31,20,0
0,0,0,0,4,11,11,9,7,28,32,35,32,27,40
0,0,0,0,6,7,5,18,7,10,8,14,1,0,0
0,0,0,0,3,10,6,7,13,4,0,0,0,0,0
0,0,0,0,3,1,0,0,2,0,1,2,0,1,0
0,0,0,0,2,6,10,6,5,46,14,28,26,21,24
0,0,0,0,8,11,17,17,10,1,1,0,0,0,0
0,0,0,0,1,0,0,0,0,0,0,0,0,0,0
0,0,0,0,4,3,9,5,10,11,6,8,11,4,0
0,0,0,0,4,8,12,3,1,2,1,1,3,0,0
0,0,0,0,3,3,12,1,4,16,2,1,1,1,0
0,0,0,0,2,9,6,1,6,11,4,17,3,11,15
0,0,0,0,4,2,6,13,15,11,16,12,36,12,2
0,0,0,0,3,5,4,9,6,0,4,5,0,0,0
0,0,0,0,3,8,0,0,0,2,0,0,0,0,0
0,0,0,0,2,9,0,1,0,1,0,1,1,1,0
0,0,0,0,2,0,1,0,0,1,1,0,1,0,0
0,0,0,0,3,3,0,0,0,1,0,0,0,0,0
0,0,0,0,5,5,5,4,0,1,1,1,0,0,0
0,0,0,0,3,9,13,0,0,0,1,0,0,0,0
0,0,0,0,2,4,1,0,1,0,0,0,0,0,0
0,0,0,0,2,18,29,17,25,15,0,1,0,1,2
0,0,0,0,4,13,8,2,8,12,7,6,14,9,10
0,0,0,0,2,17,3,0,1,0,0,0,0,0,0
0,0,0,0,3,12,17,12,13,18,12,13,2,0,1
0,0,0,0,6,7,1,0,1,1,0,1,1,0,1
0,0,0,0,1,0,3,1,0,1,0,0,0,0,0
0,0,0,0,1,0,0,0,0,1,0,1,0,0,0
0,0,0,0,1,2,0,0,0,0,0,0,0,0,0
0,0,0,0,5,10,13,8,2,2,1,4,0,1,1
0,0,0,0,2,0,0,0,0,0,0,0,0,0,0
0,0,0,0,4,5,18,7,7,3,2,5,8,0,0
0,0,0,0,1,20,21,18,22,29,18,33,22,27,24
0,0,0,0,1,14,14,7,23,8,15,0,0,0,0
0,0,0,0,7,3,15,4,5,8,2,9,3,0,0
0,0,0,0,1,1,5,7,2,2,0,0,1,0,0
0,0,0,0,3,3,11,12,2,16,10,17,8,0,0
0,0,0,0,1,10,5,2,3,15,11,9,0,0,0
0,0,0,0,3,19,9,4,11,23,19,20,0,1,0
0,0,0,0,1,0,0,0,1,1,1,0,0,0,0
0,0,0,0,4,0,0,0,0,2,0,0,0,0,0
0,0,0,0,6,0,0,1,0,0,1,0,0,0,0
0,0,0,0,6,0,0,0,0,0,0,0,1,0,0
0,0,0,0,3,8,11,4,6,1,2,0,0,0,0
0,0,0,0,1,10,22,9,4,7,0,0,0,0,0
0,0,0,0,2,16,0,1,3,0,0,0,2,0,0
0,0,0,0,4,19,1,1,0,1,0,0,0,0,0
0,0,0,0,1,14,22,8,2,10,12,7,4,0,0
0,0,0,0,4,3,8,18,11,7,1,0,0,0,0
0,0,0,0,4,13,0,0,0,0,0,0,0,0,0
0,0,0,0,9,25,8,2,0,0,1,0,0,2,0
0,0,0,0,2,9,8,7,8,0,0,0,0,0,0
0,0,0,0,2,25,23,19,26,14,28,0,0,0,0
0,0,0,0,4,17,11,28,0,0,0,0,0,1,0
0,0,0,0,1,5,1,0,0,0,0,1,0,1,0
0,0,0,0,5,2,8,9,2,1,0,2,0,0,0
0,0,0,0,5,9,10,9,2,8,2,13,17,9,3
0,0,0,0,4,2,4,8,4,8,4,2,0,0,1
0,0,0,0,3,1,0,1,0,0,0,0,0,0,0
0,0,0,0,2,3,6,3,6,11,4,20,13,16,7
0,0,0,0,4,9,4,2,0,2,0,1,0,0,0
0,0,0,0,1,7,2,2,4,1,0,0,0,0,0
0,0,0,0,6,5,6,12,2,0,0,0,0,0,0
0,0,0,0,3,11,10,2,3,9,0,0,0,0,0
0,0,0,0,1,1,4,2,0,0,0,0,0,0,0
0,0,0,0,7,4,5,4,9,15,23,26,13,2,1
0,0,0,0,1,10,11,1,0,1,0,0,0,0,0
0,0,0,0,5,5,5,3,1,18,16,16,8,3,0
0,0,0,0,4,6,2,0,0,1,0,0,0,0,0
0,0,0,0,2,0,0,0,0,0,0,0,0,0,0
0,0,0,0,5,4,4,4,2,0,0,0,0,2,0
0,0,0,0,3,5,10,9,3,1,2,1,4,0,0
0,0,0,0,1,6,9,11,30,19,24,1,0,0,0
0,0,0,0,1,2,2,2,13,18,7,0,0,0,0
0,0,0,0,1,1,0,0,0,1,1,0,0,1,0
0,0,0,0,6,5,18,2,7,23,37,0,2,0,0
0,0,0,0,3,2,0,0,0,0,1,0,0,0,0
0,0,0,0,8,4,15,14,9,18,23,7,6,0,0
0,0,0,0,2,7,7,11,4,4,4,3,5,0,0
0,0,0,0,3,12,16,15,10,14,31,22,11,11,17
0,0,0,0,8,2,7,10,2,9,9,8,14,4,1
0,0,0,0,4,4,2,9,4,5,1,0,0,1,0
0,0,0,0,9,12,0,0,0,0,0,0,0,0,0
0,0,0,0,1,9,8,5,1,1,1,0,0,0,0
0,0,0,0,6,6,3,8,3,0,0,1,1,0,0
0,0,0,0,3,22,21,2,0,2,0,0,0,0,0
0,0,0,0,1,0,1,0,1,0,0,0,1,1,0
0,0,0,0,1,10,3,5,5,5,0,0,1,0,0
0,0,0,0,5,11,4,7,5,5,0,0,0,0,0
0,0,0,0,4,5,3,8,3,0,2,0,1,0,0
0,0,0,0,3,8,12,6,7,8,7,22,11,10,13
0,0,0,0,3,5,0,0,1,1,0,0,2,0,2
0,0,0,0,5,2,1,1,0,0,1,1,0,0,0
0,0,0,0,1,7,12,0,0,1,0,0,0,0,0
0,0,0,0,8,8,0,0,0,0,0,0,1,0,0
0,0,0,0,4,6,1,0,0,0,0,0,0,1,0
0,0,0,0,2,9,7,12,10,8,2,1,1,0,0
0,0,0,0,1,1,2,2,1,0,0,0,1,0,0
0,0,0,0,2,1,0,1,8,6,3,1,0,0,1
0,0,0,0,5,10,7,8,9,17,7,4,5,8,5
4,7,0,5,3,13,4,7,2,6,0,0,0,0,0
0,0,0,0,3,13,7,1,0,1,0,1,0,1,0
0,0,0,0,2,14,5,6,5,10,0,1,1,0,0
0,0,0,0,2,5,0,0,2,0,0,0,0,0,0
0,0,0,0,3,7,1,0,0,0,0,0,0,0,0
0,0,0,0,2,0,3,5,0,0,2,2,0,1,0
0,0,0,0,3,0,0,0,0,0,0,1,5,0,0
0,0,0,0,3,2,0,2,1,7,7,1,5,0,3
0,0,0,0,3,6,1,0,1,0,0,0,0,0,0
0,0,0,0,1,8,4,5,5,9,12,11,0,0,0
0,0,0,0,1,4,9,8,6,8,1,0,0,1,0
0,0,0,0,0,2,1,1,0,0,0,0,0,0,0
0,0,0,0,0,3,10,5,4,13,17,25,7,27,24
0,0,0,0,0,2,0,6,0,1,1,1,0,0,0
0,0,0,0,0,3,7,9,10,19,7,12,24,2,0
0,0,0,0,0,5,6,2,4,6,0,3,2,0,0
0,0,0,0,0,6,5,1,0,0,0,0,0,0,0
0,0,0,0,0,6,6,3,0,0,1,1,0,0,0
0,0,0,0,0,1,3,1,0,1,1,1,0,0,0
0,0,0,0,0,4,7,14,9,9,7,19,10,12,7
0,0,0,0,0,14,21,9,10,31,9,19,11,0,0
0,0,0,0,0,9,9,7,8,32,23,26,30,0,0
0,0,0,0,0,2,13,6,4,1,1,0,1,1,0
0,0,0,0,0,10,14,12,11,11,20,3,3,0,0
0,0,0,0,0,1,3,0,0,0,0,0,2,0,0
0,0,0,0,0,9,3,8,18,13,4,8,5,11,8
0,0,0,0,0,2,9,8,9,6,4,7,0,0,0
0,0,0,0,0,1,5,9,5,8,0,1,0,0,0
0,0,0,0,0,7,16,11,10,9,1,1,0,0,0
0,0,0,0,0,1,18,10,7,5,15,15,11,7,0
0,0,0,0,0,15,9,0,0,0,0,0,0,0,0
0,0,0,0,0,1,7,4,5,8,8,13,5,0,0
0,0,0,0,0,2,10,14,1,0,0,0,0,0,0
0,0,0,0,0,7,11,0,1,0,0,0,1,0,0
0,0,0,0,0,4,7,10,6,16,15,24,15,11,2
0,0,0,0,0,10,7,7,9,19,21,17,24,34,32
0,0,0,0,0,7,3,4,12,11,0,1,0,5,0
0,0,0,0,0,8,4,33,23,19,13,24,29,22,19
0,0,0,0,0,2,7,5,6,23,9,11,1,2,1
0,0,0,0,0,3,22,3,14,9,19,1,0,0,0
0,0,0,0,0,1,5,14,14,12,17,10,0,0,1
0,0,0,0,0,3,12,10,12,9,11,11,12,9,11
0,0,0,0,0,6,8,16,20,31,31,26,29,0,0
0,0,0,0,0,6,14,7,15,28,24,19,28,17,11
0,0,0,0,0,5,2,2,2,16,21,15,15,8,25
0,0,0,0,0,3,2,9,4,11,24,11,24,10,0
0,0,0,0,0,7,3,7,2,4,16,11,18,0,1
0,0,0,0,0,4,8,8,14,16,0,0,0,0,0
0,0,0,0,0,1,8,7,15,7,15,0,0,0,0
0,0,0,0,0,2,8,0,0,1,2,0,0,1,2
0,0,0,0,0,1,11,10,0,1,0,0,0,0,0
0,0,0,0,0,5,17,6,8,17,12,10,12,10,7
0,0,0,0,0,4,13,1,2,26,27,23,6,6,12
0,0,0,0,0,9,10,4,14,13,11,19,11,9,4
0,0,0,0,0,5,11,7,1,1,0,3,1,0,0
0,0,0,0,0,7,12,9,5,7,7,0,1,0,0
0,0,0,0,0,9,12,0,0,0,0,0,1,0,0
0,0,0,0,0,10,0,2,2,0,0,0,2,1,0
0,0,0,0,0,5,10,5,8,18,10,12,1,0,0
0,0,0,0,0,3,12,13,13,20,7,7,42,5,11
0,0,0,0,0,6,9,16,41,25,30,12,23,22,0
0,0,0,0,0,3,7,10,12,7,11,13,2,2,2
0,0,0,0,0,1,8,0,0,1,0,0,1,0,0
0,0,0,0,0,2,15,3,6,18,27,0,0,0,0
0,0,0,0,0,7,12,9,3,0,1,0,1,0,1
0,0,0,0,0,1,7,0,0,1,2,0,0,1,0
0,0,0,0,0,5,21,10,7,9,13,16,4,0,1
0,0,0,0,0,7,6,6,9,9,13,19,0,0,0
0,0,0,0,0,1,4,2,7,11,11,10,8,6,7
0,0,0,0,0,4,16,15,17,43,10,26,0,0,0
0,0,0,0,0,14,15,25,21,29,10,2,0,2,0
0,0,0,0,0,6,3,2,0,0,1,0,1,1,1
0,0,0,0,0,5,10,6,1,1,0,0,2,0,0
0,0,0,0,0,6,12,2,12,11,11,0,1,0,0
0,0,0,0,0,1,30,5,1,0,0,0,0,0,0
0,0,0,0,0,8,11,15,0,0,1,0,0,0,0
0,0,0,0,0,1,1,2,0,1,0,0,2,0,1
0,0,0,0,0,1,0,0,1,1,1,0,1,0,0
0,0,0,0,0,1,8,8,1,13,7,11,6,10,12
0,0,0,0,0,2,5,0,1,1,1,0,0,1,1
0,0,0,0,0,10,13,11,12,11,15,13,0,0,1
0,0,0,0,0,8,10,1,0,2,1,0,0,0,0
0,0,0,0,0,1,10,3,4,18,5,0,9,2,3
0,0,0,0,0,2,4,2,2,3,4,4,3,3,0
0,0,0,0,0,1,6,4,16,10,16,24,14,19,0
0,0,0,0,0,5,13,15,10,22,16,19,6,1,13
0,0,0,0,0,3,11,12,13,14,9,9,6,0,0
0,0,0,0,0,4,13,6,1,11,3,10,3,0,0
0,0,0,0,0,15,20,11,14,30,20,16,17,12,0
0,0,0,0,0,7,10,18,4,9,16,0,2,0,0
0,0,0,0,0,1,0,0,0,0,2,0,2,0,0
0,0,0,0,0,5,7,10,19,19,12,12,18,7,13
0,0,0,0,0,7,12,12,11,2,0,0,0,0,0
0,0,0,0,0,3,0,0,1,1,0,0,0,0,0
0,0,0,0,0,3,15,8,11,33,17,6,3,0,0
0,0,0,0,0,6,14,5,5,2,2,0,6,0,3
0,0,0,0,0,6,10,1,0,1,0,3,0,0,0
0,0,0,0,0,3,17,6,6,12,1,0,0,0,0
0,0,0,0,0,12,21,13,11,14,28,18,0,1,0
0,0,0,0,0,3,10,3,7,10,6,7,10,19,9
0,0,0,0,0,3,3,2,2,0,1,0,0,0,0
0,0,0,0,0,4,18,13,12,2,1,0,0,0,0
0,0,0,0,0,4,6,0,1,2,1,0,1,0,0
0,0,0,0,0,6,2,7,5,5,5,0,0,0,0
0,0,0,0,0,2,0,2,0,0,1,0,0,0,0
0,0,0,0,0,3,2,1,0,0,0,0,0,0,0
0,0,0,0,0,8,9,10,16,7,0,1,0,0,0
0,0,0,0,0,5,8,2,1,5,0,1,0,0,0
0,0,0,0,0,10,8,9,13,31,16,0,0,0,0
0,0,0,0,0,16,1,0,0,0,2,0,0,1,0
0,0,0,0,0,2,6,3,1,0,2,1,0,0,0
0,0,0,0,0,1,8,7,2,18,3,5,3,0,1
0,0,0,0,0,2,10,3,3,9,6,4,2,3,2
0,0,0,0,0,3,1,1,2,12,3,5,16,9,11
0,0,0,0,0,6,10,7,1,0,0,1,0,0,0
0,0,0,0,0,2,13,8,17,10,1,1,0,1,0
0,0,0,0,0,1,0,1,2,0,0,1,1,0,0
0,0,0,0,0,2,7,0,3,2,8,8,5,10,0
0,0,0,0,0,7,6,7,1,7,10,6,12,4,1
0,0,0,0,0,4,17,6,16,15,2,0,0,0,1
0,0,0,0,0,2,4,8,3,2,2,1,0,0,0
0,0,0,0,0,3,10,4,5,11,18,10,23,6,14
0,0,0,0,0,4,9,4,5,7,16,5,0,1,1
0,0,0,0,0,1,2,0,2,0,2,0,0,1,0
0,0,0,0,0,2,16,3,2,0,2,0,1,1,0
0,0,0,0,0,2,0,14,0,0,1,0,2,0,0
0,0,0,0,0,4,19,9,2,11,9,13,2,0,0
0,0,0,0,0,4,5,4,12,6,7,15,6,6,6
0,0,0,0,0,1,6,2,1,2,2,1,1,0,1
0,0,0,0,0,2,2,4,0,0,0,0,0,2,0
0,0,0,0,0,2,7,5,0,0,0,0,0,0,0
0,0,0,0,0,10,17,11,18,18,9,0,0,0,0
0,0,0,0,0,0,4,11,3,5,15,14,20,8,1
0,0,0,0,0,0,7,7,0,0,1,1,0,0,0
0,0,0,0,0,0,4,4,27,34,33,1,0,0,0
0,0,0,0,0,0,12,19,13,0,0,0,0,0,0
0,0,0,0,0,0,4,9,0,1,3,0,0,1,0
0,0,0,0,0,0,4,6,3,8,6,2,0,0,0
0,0,0,0,0,0,2,8,9,10,11,11,23,11,7
0,0,0,0,0,0,1,0,0,0,2,0,0,0,0
0,0,0,0,0,0,4,8,5,15,8,0,0,0,0
0,0,0,0,0,0,3,4,11,19,15,4,1,0,0
0,0,0,0,0,0,2,11,10,7,18,4,18,10,3
0,0,0,0,0,0,11,21,16,31,42,16,0,0,0
0,0,0,0,0,0,4,6,4,18,26,18,12,21,29
0,0,0,0,0,0,1,14,16,17,25,24,44,42,0
0,0,0,0,0,0,4,10,8,10,3,0,1,0,0
0,0,0,0,0,0,3,7,7,7,19,7,2,0,2
0,0,0,0,0,0,4,10,1,1,0,1,1,0,0
0,0,0,0,0,0,2,7,20,8,9,7,1,1,0
0,0,0,0,0,0,6,3,0,0,0,1,1,0,0
0,0,0,0,0,0,13,14,7,11,1,0,0,0,0
0,0,0,0,0,0,3,7,9,17,22,20,23,0,0
0,0,0,0,0,0,3,6,8,16,0,0,1,0,0
0,0,0,0,0,0,2,8,15,13,11,9,18,13,21
0,0,0,0,0,0,3,0,0,0,0,1,0,0,0
0,0,0,0,0,0,3,2,2,7,9,5,19,4,6
0,0,0,0,0,0,7,14,20,23,23,24,20,10,1
0,0,0,0,0,0,9,1,3,5,0,1,1,1,1
0,0,0,0,0,0,6,1,4,27,23,12,0,0,0
0,0,0,0,0,0,11,10,3,1,1,1,0,0,0
0,0,0,0,0,0,7,15,15,1,0,1,0,0,0
0,0,0,0,0,0,3,6,8,8,0,1,0,0,0
0,0,0,0,0,0,3,1,1,0,0,3,0,0,0
0,0,0,0,0,0,1,7,0,10,7,11,11,19,8
0,0,0,0,0,0,18,13,4,0,0,0,0,1,0
0,0,0,0,0,0,5,11,11,10,0,1,0,0,0
0,0,0,0,0,0,9,13,9,11,4,13,11,6,0
0,0,0,0,0,0,1,0,0,0,0,2,0,1,2
0,0,0,0,0,0,2,2,2,6,7,6,12,4,6
0,0,0,0,0,0,6,8,18,18,11,1,0,0,0
0,0,0,0,0,0,4,12,15,24,19,34,22,46,34
0,0,0,0,0,0,6,5,0,0,1,0,1,1,1
0,0,0,0,0,0,3,2,2,4,3,0,0,0,0
0,0,0,0,0,0,3,4,7,13,13,3,0,0,1
0,0,0,0,0,0,15,8,7,1,1,2,0,0,1
0,0,0,0,0,0,6,0,1,0,0,2,0,0,0
0,0,0,0,0,0,3,22,3,12,3,1,11,11,10
0,0,0,0,0,0,6,6,16,30,21,17,16,12,20
0,0,0,0,0,0,4,10,10,23,6,2,3,3,0
0,0,0,0,0,0,9,7,2,3,1,0,0,2,0
0,0,0,0,0,0,10,1,1,0,0,0,0,0,0
0,0,0,0,0,0,2,10,4,11,9,14,20,12,9
0,0,0,0,0,0,2,4,6,0,0,0,0,0,0
0,0,0,0,0,0,5,8,14,21,27,0,0,0,1
0,0,0,0,0,0,3,11,14,11,0,1,0,0,0
0,0,0,0,0,0,8,13,13,9,7,14,22,8,0
0,0,0,0,0,0,9,17,19,16,13,6,17,7,0
0,0,0,0,0,0,6,15,14,18,8,15,18,26,8
0,0,0,0,0,0,6,13,11,3,0,3,2,0,0
0,0,0,0,0,0,4,11,1,4,4,3,0,0,0
0,0,0,0,0,0,12,5,3,23,18,2,2,0,0
0,0,0,0,0,0,2,3,3,3,0,0,0,0,0
0,0,0,0,0,0,8,13,0,0,2,2,0,0,0
0,0,0,0,0,0,9,21,13,27,3,2,1,0,0
0,0,0,0,0,0,1,9,6,4,13,1,8,9,4
0,0,0,0,0,0,6,7,13,11,15,16,15,4,3
0,0,0,0,0,0,6,5,7,20,2,0,0,0,0
0,0,0,0,0,0,2,9,13,26,25,27,36,7,15
0,0,0,0,0,0,4,12,18,15,11,1,0,1,0
0,0,0,0,0,0,11,15,9,34,18,12,3,0,3
0,0,0,0,0,0,4,14,13,19,0,0,0,0,1
0,0,0,0,0,0,7,10,4,11,15,14,14,14,9
0,0,0,0,0,0,1,0,0,0,2,0,0,1,2
0,0,0,0,0,0,4,13,8,9,2,10,1,4,0
0,0,0,0,0,0,3,11,10,18,8,2,0,0,0
0,0,0,0,0,0,5,19,22,2,0,0,0,3,1
0,0,0,0,0,0,8,12,7,0,0,3,0,0,0
0,0,0,0,0,0,5,10,11,13,13,0,0,0,0
0,0,0,0,0,0,6,6,5,11,12,19,3,0,0
0,0,0,0,0,0,4,1,0,0,2,3,1,1,0
0,0,0,0,0,0,3,7,12,2,0,2,0,0,3
0,0,0,0,0,0,9,1,2,1,1,1,0,0,2
0,0,0,0,0,0,6,6,0,1,0,0,0,0,0
0,0,0,0,0,0,3,0,0,0,0,0,0,0,0
0,0,0,0,0,0,3,8,0,1,0,0,2,0,1
0,0,0,0,0,0,6,5,4,16,4,4,5,5,5
0,0,0,0,0,0,11,6,11,8,5,1,0,0,0
0,0,0,0,0,0,6,0,0,0,1,0,0,0,0
0,0,0,0,0,0,9,13,4,9,7,18,4,2,0
0,0,0,0,0,0,1,8,1,11,8,7,12,10,0
0,0,0,0,0,0,4,9,6,7,2,0,0,1,0
0,0,0,0,0,0,4,4,16,0,2,1,3,0,0
0,0,0,0,0,0,4,9,22,11,5,16,18,10,17
0,0,0,0,0,0,1,8,1,0,0,0,0,0,0
0,0,0,0,0,0,1,18,4,13,7,11,7,24,9
0,0,0,0,0,0,5,7,5,4,13,2,1,0,0
0,0,0,0,0,0,4,13,3,2,1,1,1,0,0
0,0,0,0,0,0,9,11,13,18,22,26,16,13,39
0,0,0,0,0,0,7,0,1,0,0,0,0,0,0
0,0,0,0,0,0,5,10,11,6,13,10,6,8,8
0,0,0,0,0,0,1,2,4,6,1,7,13,3,3
0,0,0,0,0,0,1,0,0,0,1,0,0,0,0
0,0,0,0,0,0,2,13,12,8,14,9,3,0,1
0,0,0,0,0,0,4,4,4,22,6,8,3,4,6
0,0,0,0,0,0,3,5,8,1,1,0,0,1,0
0,0,0,0,0,0,2,13,12,0,1,1,0,1,3
0,0,0,0,0,0,6,2,10,9,8,10,14,14,11
0,0,0,0,0,0,6,6,0,1,0,0,0,0,1
0,0,0,0,0,0,1,0,0,0,1,0,1,2,0
0,0,0,0,0,0,2,6,17,19,25,12,63,29,0
0,0,0,0,0,0,1,0,0,1,0,0,0,1,0
0,0,0,0,0,0,1,1,0,1,0,1,3,0,0
0,0,0,0,0,0,7,11,15,21,6,3,1,0,0
0,0,0,0,0,0,1,1,0,2,0,0,1,0,0
0,0,0,0,0,0,5,3,11,3,2,0,0,1,1
0,0,0,0,0,0,4,6,7,0,1,0,0,0,0
0,0,0,0,0,0,3,7,0,0,0,1,1,0,0
0,0,0,0,0,0,9,15,10,17,13,13,10,8,7
0,0,0,0,0,0,7,5,12,23,22,36,29,41,32
0,0,0,0,0,0,1,0,0,0,0,0,0,1,0
0,0,0,0,0,0,0,2,7,6,7,13,8,10,0
0,0,0,0,0,0,0,8,11,11,1,0,0,0,0
0,0,0,0,0,0,0,2,8,10,6,9,9,7,1
0,0,0,0,0,0,0,8,1,0,1,0,0,0,0
0,0,0,0,0,0,0,5,7,11,3,0,0,1,3
0,0,0,0,0,0,0,6,31,20,25,16,21,15,10
0,0,0,0,0,0,0,6,44,24,37,22,28,1,0
0,0,0,0,0,0,0,2,9,7,15,0,0,0,0
0,0,0,0,0,0,0,4,8,9,0,3,1,0,2
0,0,0,0,0,0,0,1,7,4,13,19,6,8,0
0,0,0,0,0,0,0,4,7,26,19,1,1,1,0
0,0,0,0,0,0,0,3,9,5,10,14,17,8,2
0,0,0,0,0,0,0,6,33,32,29,14,1,0,2
0,0,0,0,0,0,0,1,6,10,9,13,8,6,2
0,0,0,0,0,0,0,2,7,0,0,2,0,0,0
0,0,0,0,0,0,0,4,19,22,4,17,10,10,0
0,0,0,0,0,0,0,6,34,7,23,16,17,16,8
0,0,0,0,0,0,0,4,8,25,28,18,19,3,7
0,0,0,0,0,0,0,1,13,0,0,1,0,0,0
0,0,0,0,0,0,0,6,5,2,2,0,0,0,0
0,0,0,0,0,0,0,7,10,14,10,7,6,3,1
0,0,0,0,0,0,0,4,4,17,4,5,4,14,1
0,0,0,0,0,0,0,3,0,0,0,1,2,1,0
0,0,0,0,0,0,0,6,0,2,1,2,0,0,0
0,0,0,0,0,0,0,3,9,6,8,5,6,10,18
0,0,0,0,0,0,0,3,15,17,5,12,8,7,14
0,0,0,0,0,0,0,6,10,0,0,1,0,1,0
0,0,0,0,0,0,0,5,9,19,6,12,0,1,0
0,0,0,0,0,0,0,2,16,15,2,1,0,0,0
0,0,0,0,0,0,0,2,5,22,15,10,8,7,4
0,0,0,0,0,0,0,1,0,0,0,0,1,0,2
0,0,0,0,0,0,0,1,8,14,19,13,9,11,23
0,0,0,0,0,0,0,4,11,4,3,3,12,6,0
0,0,0,0,0,0,0,4,8,12,7,10,0,0,1
0,0,0,0,0,0,0,6,6,20,6,6,8,5,0
0,0,0,0,0,0,0,4,23,23,20,17,17,2,0
0,0,0,0,0,0,0,4,21,7,1,1,0,0,0
0,0,0,0,0,0,0,1,15,11,0,0,0,0,0
0,0,0,0,0,0,0,5,9,6,10,5,6,7,3
0,0,0,0,0,0,0,5,9,15,2,1,4,2,0
0,0,0,0,0,0,0,3,4,0,1,1,1,0,0
0,0,0,0,0,0,0,6,13,13,8,15,19,9,5
0,0,0,0,0,0,0,1,2,15,15,2,0,0,1
0,0,0,0,0,0,0,4,18,23,28,11,0,0,0
0,0,0,0,0,0,0,8,3,8,5,13,5,4,16
0,0,0,0,0,0,0,1,1,0,0,0,0,1,0
0,0,0,0,0,0,0,3,2,5,9,6,1,1,0
0,0,0,0,0,0,0,6,20,1,0,0,1,0,0
0,0,0,0,0,0,0,5,21,20,16,17,9,3,0
0,0,0,0,0,0,0,1,0,0,1,0,0,1,0
0,0,0,0,0,0,0,3,9,18,20,17,22,0,0
0,0,0,0,0,0,0,4,20,27,28,33,22,9,0
0,0,0,0,0,0,0,10,16,20,9,23,16,6,6
0,0,0,0,0,0,0,5,6,6,11,20,12,0,0
0,0,0,0,0,0,0,3,18,13,14,27,14,21,22
0,0,0,0,0,0,0,1,12,8,7,12,7,11,13
0,0,0,0,0,0,0,4,3,11,9,12,7,7,3
0,0,0,0,0,0,0,1,4,6,9,13,5,7,4
0,0,0,0,0,0,0,1,9,5,2,9,3,0,0
0,0,0,0,0,0,0,1,3,0,1,0,0,0,1
0,0,0,0,0,0,0,3,3,1,1,0,0,1,0
0,0,0,0,0,0,0,3,19,19,23,0,0,0,0
0,0,0,0,0,0,0,5,12,3,2,0,0,0,0
0,0,0,0,0,0,0,1,3,15,3,0,0,1,1
0,0,0,0,0,0,0,5,10,15,36,40,33,30,19
0,0,0,0,0,0,0,2,5,6,7,3,5,1,1
0,0,0,0,0,0,0,0,5,19,25,1,0,0,1
0,0,0,0,0,0,0,0,4,18,18,14,15,10,17
0,0,0,0,0,0,0,0,2,5,19,3,12,16,0
0,0,0,0,0,0,0,0,8,9,20,13,14,10,8
0,0,0,0,0,0,0,0,2,1,1,0,1,4,2
0,0,0,0,0,0,0,0,6,12,17,13,20,17,27
0,0,0,0,0,0,0,0,9,33,22,26,1,0,0
0,0,0,0,0,0,0,0,10,14,17,16,21,10,28
0,0,0,0,0,0,0,0,3,31,18,19,22,25,9
0,0,0,0,0,0,0,0,3,25,23,34,37,35,24
0,0,0,0,0,0,0,0,9,0,0,3,0,0,0
0,0,0,0,0,0,0,0,4,27,22,12,14,13,12
0,0,0,0,0,0,0,0,1,13,9,12,16,7,6
0,0,0,0,0,0,0,0,3,9,0,0,0,3,0
0,0,0,0,0,0,0,0,1,7,7,2,0,0,0
0,0,0,0,0,0,0,0,7,15,7,7,3,2,0
0,0,0,0,0,0,0,0,1,10,7,2,1,1,0
0,0,0,0,0,0,0,0,3,9,26,15,24,9,8
0,0,0,0,0,0,0,0,3,6,8,4,4,0,0
0,0,0,0,0,0,0,0,1,3,5,0,0,0,0
0,0,0,0,0,0,0,0,1,0,0,0,0,1,3
0,0,0,0,0,0,0,0,3,10,2,5,11,0,4
0,0,0,0,0,0,0,0,1,12,7,5,3,12,1
0,0,0,0,0,0,0,0,5,15,0,1,0,0,0
0,0,0,0,0,0,0,0,8,18,38,16,17,14,18
0,0,0,0,0,0,0,0,5,21,23,27,22,35,28
0,0,0,0,0,0,0,0,2,4,15,12,12,13,26
0,0,0,0,0,0,0,0,4,2,0,0,2,2,1
0,0,0,0,0,0,0,0,1,0,3,0,1,3,1
0,0,0,0,0,0,0,0,1,7,9,6,8,7,1
0,0,0,0,0,0,0,0,6,8,4,2,9,1,1
0,0,0,0,0,0,0,0,6,5,1,1,0,0,1
0,0,0,0,0,0,0,0,2,10,5,10,7,7,10
0,0,0,0,0,0,0,0,13,25,15,18,12,4,2
0,0,0,0,0,0,0,0,2,10,9,13,11,3,12
0,0,0,0,0,0,0,0,2,13,16,1,0,0,1
0,0,0,0,0,0,0,0,5,26,21,10,26,13,7
0,0,0,0,0,0,0,0,1,7,5,5,13,12,7
0,0,0,0,0,0,0,0,2,11,8,8,15,1,0
0,0,0,0,0,0,0,0,1,0,0,2,1,0,0
0,0,0,0,0,0,0,0,1,14,11,12,19,10,16
0,0,0,0,0,0,0,0,5,4,11,5,1,2,0
0,0,0,0,0,0,0,0,3,13,12,10,8,1,0
0,0,0,0,0,0,0,0,3,13,17,28,15,19,16
0,0,0,0,0,0,0,0,5,5,7,10,13,6,7
0,0,0,0,0,0,0,0,1,3,0,0,0,0,0
0,0,0,0,0,0,0,0,6,6,0,1,0,1,1
0,0,0,0,0,0,0,0,1,9,0,0,0,1,1
0,0,0,0,0,0,0,0,3,9,12,1,0,0,0
0,0,0,0,0,0,0,0,1,11,20,16,6,10,0
0,0,0,0,0,0,0,0,2,0,1,0,0,2,1
0,0,0,0,0,0,0,0,3,13,6,26,14,16,18
0,0,0,0,0,0,0,0,2,12,5,0,0,0,0
0,0,0,0,0,0,0,0,2,11,15,11,6,8,0
0,0,0,0,0,0,0,0,1,11,25,25,27,10,24
0,0,0,0,0,0,0,0,3,14,11,10,6,0,0
0,0,0,0,0,0,0,0,3,20,21,25,27,35,32
0,0,0,0,0,0,0,0,6,7,19,27,20,3,0
0,0,0,0,0,0,0,0,4,9,15,13,11,12,9
0,0,0,0,0,0,0,0,3,17,25,21,0,0,0
0,0,0,0,0,0,0,0,3,8,8,13,8,3,0
0,0,0,0,0,0,0,0,3,1,3,0,1,0,0
0,0,0,0,0,0,0,0,3,29,14,22,13,0,0
0,0,0,0,0,0,0,0,6,11,18,29,28,24,0
0,0,0,0,0,0,0,0,5,7,28,23,19,15,0
0,0,0,0,0,0,0,0,2,18,24,13,22,16,26
0,0,0,0,0,0,0,0,3,7,8,0,1,0,1
0,0,0,0,0,0,0,0,4,7,13,15,0,1,0
0,0,0,0,0,0,0,0,2,5,11,14,5,3,0
0,0,0,0,0,0,0,0,4,17,1,1,0,1,1
0,0,0,0,0,0,0,0,6,16,22,1,1,0,0
0,0,0,0,0,0,0,0,4,17,36,38,14,34,21
0,0,0,0,0,0,0,0,1,11,19,19,6,0,0
0,0,0,0,0,0,0,0,1,5,5,2,1,0,2
0,0,0,0,0,0,0,0,2,7,8,18,4,3,0
0,0,0,0,0,0,0,0,10,13,13,12,9,27,7
0,0,0,0,0,0,0,0,5,11,9,33,26,16,1
0,0,0,0,0,0,0,0,8,25,44,29,2,8,2
0,0,0,0,0,0,0,0,3,6,15,8,11,4,11
0,0,0,0,0,0,0,0,3,9,10,14,4,0,1
0,0,0,0,0,0,0,0,3,13,24,11,30,17,8
0,0,0,0,0,0,0,0,2,19,25,20,9,0,0
0,0,0,0,0,0,0,0,2,14,14,14,1,10,4
0,0,0,0,0,0,0,0,1,10,1,4,2,2,1
0,0,0,0,0,0,0,0,3,17,25,21,19,17,0
0,0,0,0,0,0,0,0,6,15,18,19,13,21,15
0,0,0,0,0,0,0,0,3,0,1,1,1,0,1
0,0,0,0,0,0,0,0,4,8,13,17,10,13,7
0,0,0,0,0,0,0,0,3,12,13,18,12,15,9
0,0,0,0,0,0,0,0,1,8,7,16,15,6,7
0,0,0,0,0,0,0,0,6,6,10,8,5,0,3
0,0,0,0,0,0,0,0,4,10,23,17,16,17,1
0,0,0,0,0,0,0,0,4,14,18,11,11,12,12
0,0,0,0,0,0,0,0,8,11,3,7,5,0,0
0,0,0,0,0,0,0,0,2,4,6,14,14,5,6
0,0,0,0,0,0,0,0,5,20,12,11,3,0,0
0,0,0,0,0,0,0,0,2,19,22,10,2,1,0
0,0,0,0,0,0,0,0,1,14,10,24,1,0,0
0,0,0,0,0,0,0,0,6,7,0,0,0,0,0
0,0,0,0,0,0,0,0,1,12,16,30,14,22,1
0,0,0,0,0,0,0,0,1,9,5,14,13,6,8
0,0,0,0,0,0,0,0,1,13,12,10,6,7,1
0,0,0,0,0,0,0,0,1,8,14,13,7,20,9
0,0,0,0,0,0,0,0,2,21,19,28,13,23,15
0,0,0,0,0,0,0,0,1,10,14,4,0,0,3
0,0,0,0,0,0,0,0,3,12,9,17,18,10,7
0,0,0,0,0,0,0,0,1,8,12,6,8,12,15
0,0,0,0,0,0,0,0,2,14,21,18,15,13,16
0,0,0,0,0,0,0,0,1,11,11,20,16,12,17
0,0,0,0,0,0,0,0,1,10,13,13,0,0,0
0,0,0,0,0,0,0,0,7,22,19,25,12,2,1
0,0,0,0,0,0,0,0,1,1,1,2,0,1,0
0,0,0,0,0,0,0,0,3,11,15,16,8,2,1
0,0,0,0,0,0,0,0,1,4,9,4,23,10,0
0,0,0,0,0,0,0,0,2,8,8,7,16,4,10
0,0,0,0,0,0,0,0,3,13,19,22,7,18,14
0,0,0,0,0,0,0,0,1,20,9,25,22,17,22
0,0,0,0,0,0,0,0,2,14,15,1,4,1,0
0,0,0,0,0,0,0,0,1,9,11,5,17,9,12
0,0,0,0,0,0,0,0,2,10,18,15,0,1,0
0,0,0,0,0,0,0,0,1,14,11,19,14,9,0
0,0,0,0,0,0,0,0,4,0,2,0,0,0,2
0,0,0,0,0,0,0,0,1,7,1,0,1,1,0
0,0,0,0,0,0,0,0,3,17,11,14,20,8,0
0,0,0,0,0,0,0,0,9,0,2,0,1,0,2
0,0,0,0,0,0,0,0,8,20,21,14,20,25,0
0,0,0,0,0,0,0,0,3,5,12,4,8,6,0
0,0,0,0,0,0,0,0,6,1,0,0,0,0,0
0,0,0,0,0,0,0,0,3,12,9,12,28,21,19
0,0,0,0,0,0,0,0,4,19,12,1,1,0,0
0,0,0,0,0,0,0,0,2,7,0,0,1,0,1
0,0,0,0,0,0,0,0,3,3,0,1,0,0,0
0,0,0,0,0,0,0,0,1,8,5,5,5,2,3
0,0,0,0,0,0,0,0,1,8,0,4,4,1,4
0,0,0,0,0,0,0,0,7,8,23,24,0,1,0
0,0,0,0,0,0,0,0,2,0,0,0,0,0,0
0,0,0,0,0,0,0,0,4,16,7,13,14,18,9
0,0,0,0,0,0,0,0,1,5,7,9,12,8,4
0,0,0,0,0,0,0,0,3,11,8,7,9,17,13
0,0,0,0,0,0,0,0,2,14,16,30,17,10,1
0,0,0,0,0,0,0,0,2,10,15,10,14,1,1
0,0,0,0,0,0,0,0,4,17,13,22,25,16,30
0,0,0,0,0,0,0,0,3,6,19,1,0,0,0
0,0,0,0,0,0,0,0,1,10,14,12,5,13,12
0,0,0,0,0,0,0,0,2,14,11,15,13,15,7
0,0,0,0,0,0,0,0,4,12,20,11,0,0,1
0,0,0,0,0,0,0,0,2,9,5,7,12,0,4
0,0,0,0,0,0,0,0,3,12,7,15,17,9,13
0,0,0,0,0,0,0,0,2,7,0,0,0,0,1
0,0,0,0,0,0,0,0,5,1,1,0,1,0,0
0,0,0,0,0,0,0,0,2,17,8,12,7,10,11
0,0,0,0,0,0,0,0,3,3,0,1,1,0,0
0,0,0,0,0,0,0,0,4,7,15,20,22,3,9
0,0,0,0,0,0,0,0,5,0,2,0,1,0,1
0,0,0,0,0,0,0,0,1,2,7,13,0,0,1
0,0,0,0,0,0,0,0,1,7,0,0,0,0,0
0,0,0,0,0,0,0,0,6,12,10,16,17,7,1
0,0,0,0,0,0,0,0,6,15,19,13,26,7,13
0,0,0,0,0,0,0,0,5,21,0,0,0,1,0
0,0,0,0,0,0,0,0,2,22,0,0,0,0,0
0,0,0,0,0,0,0,0,2,9,14,3,1,0,1
0,0,0,0,0,0,0,0,5,8,18,4,0,0,0
0,0,0,0,0,0,0,0,3,5,3,6,12,2,15
0,0,0,0,0,0,0,0,4,4,7,4,5,3,3
0,0,0,0,0,0,0,0,1,0,1,5,9,5,5
0,0,0,0,0,0,0,0,6,22,13,20,21,13,11
0,0,0,0,0,0,0,0,1,19,11,21,15,10,14
0,0,0,0,0,0,0,0,3,13,24,10,0,0,0
0,0,0,0,0,0,0,0,3,8,13,10,8,0,0
0,0,0,0,0,0,0,0,4,5,2,0,0,0,0
0,0,0,0,0,0,0,0,1,3,10,2,1,2,2
0,0,0,0,0,0,0,0,3,13,3,1,0,0,2
0,0,0,0,0,0,0,0,3,4,8,2,11,4,3
0,0,0,0,0,0,0,0,9,18,17,14,13,4,2
0,0,0,0,0,0,0,0,10,16,14,26,16,12,20
0,0,0,0,0,0,0,0,5,1,0,1,2,0,2
0,0,0,0,0,0,0,0,3,8,7,5,12,8,8
0,0,0,0,0,0,0,0,1,9,15,8,19,7,10
0,0,0,0,0,0,0,0,1,13,20,19,3,0,0
0,0,0,0,0,0,0,0,0,4,10,21,4,6,14
0,0,0,0,0,0,0,0,0,11,24,26,28,45,13
0,0,0,0,0,0,0,0,0,11,19,18,45,40,38
0,0,0,0,0,0,0,0,0,8,1,2,0,0,0
0,0,0,0,0,0,0,0,0,4,34,21,17,0,1
0,0,0,0,0,0,0,0,0,2,0,1,0,1,1
0,0,0,0,0,0,0,0,0,3,13,17,17,22,33
0,0,0,0,0,0,0,0,0,9,23,14,29,20,31
0,0,0,0,0,0,0,0,0,10,19,12,4,2,1
0,0,0,0,0,0,0,0,0,14,11,16,13,18,22
0,0,0,0,0,0,0,0,0,5,8,13,9,6,24
0,0,0,0,0,0,0,0,0,14,19,18,2,0,1
0,0,0,0,0,0,0,0,0,2,11,8,17,5,11
0,0,0,0,0,0,0,0,0,8,22,14,0,0,0
0,0,0,0,0,0,0,0,0,3,17,25,5,0,0
0,0,0,0,0,0,0,0,0,3,10,11,0,1,0
0,0,0,0,0,0,0,0,0,9,1,0,0,0,0
0,0,0,0,0,0,0,0,0,4,6,11,12,6,6
0,0,0,0,0,0,0,0,0,5,14,10,3,0,0
0,0,0,0,0,0,0,0,0,1,8,8,10,5,8
0,0,0,0,0,0,0,0,0,9,9,3,0,3,1
0,0,0,0,0,0,0,0,0,7,38,16,26,20,22
0,0,0,0,0,0,0,0,0,10,8,21,51,14,0
0,0,0,0,0,0,0,0,0,3,19,14,0,0,0
0,0,0,0,0,0,0,0,0,1,12,13,10,17,22
0,0,0,0,0,0,0,0,0,3,14,18,10,19,15
0,0,0,0,0,0,0,0,0,10,2,0,0,0,0
0,0,0,0,0,0,0,0,0,7,8,13,7,3,10
0,0,0,0,0,0,0,0,0,3,13,18,22,0,0
0,0,0,0,0,0,0,0,0,2,1,0,0,0,0
0,0,0,0,0,0,0,0,0,14,13,21,18,16,24
0,0,0,0,0,0,0,0,0,2,9,6,10,5,10
0,0,0,0,0,0,0,0,0,4,10,1,3,0,0
0,0,0,0,0,0,0,0,0,5,19,1,0,0,0
0,0,0,0,0,0,0,0,0,4,24,20,16,17,14
0,0,0,0,0,0,0,0,0,7,6,15,0,1,0
0,0,0,0,0,0,0,0,0,1,9,11,7,15,4
0,0,0,0,0,0,0,0,0,1,1,4,0,0,0
0,0,0,0,0,0,0,0,0,18,61,32,30,23,0
0,0,0,0,0,0,0,0,0,1,0,2,0,0,0
0,0,0,0,0,0,0,0,0,4,30,1,0,0,0
0,0,0,0,0,0,0,0,0,2,12,15,15,13,17
0,0,0,0,0,0,0,0,0,6,6,14,10,0,0
0,0,0,0,0,0,0,0,0,4,11,7,4,6,2
0,0,0,0,0,0,0,0,0,6,16,2,1,1,0
0,0,0,0,0,0,0,0,0,4,13,2,0,0,0
0,0,0,0,0,0,0,0,0,8,1,1,2,2,3
0,0,0,0,0,0,0,0,0,8,1,0,1,0,0
0,0,0,0,0,0,0,0,0,7,10,9,0,0,0
0,0,0,0,0,0,0,0,0,7,10,19,6,0,1
0,0,0,0,0,0,0,0,0,7,10,5,2,2,1
0,0,0,0,0,0,0,0,0,12,15,16,13,13,5
0,0,0,0,0,0,0,0,0,7,16,30,23,30,11
0,0,0,0,0,0,0,0,0,3,8,0,0,1,1
0,0,0,0,0,0,0,0,0,4,9,0,0,0,0
0,0,0,0,0,0,0,0,0,4,0,8,18,3,11
0,0,0,0,0,0,0,0,0,4,27,24,0,0,2
0,0,0,0,0,0,0,0,0,2,10,20,11,0,0
0,0,0,0,0,0,0,0,0,8,22,19,16,0,0
0,0,0,0,0,0,0,0,0,8,30,18,2,1,0
0,0,0,0,0,0,0,0,0,20,31,32,5,2,2
0,0,0,0,0,0,0,0,0,10,17,13,24,14,1
0,0,0,0,0,0,0,0,0,1,23,31,17,28,23
0,0,0,0,0,0,0,0,0,5,28,23,24,21,0
0,0,0,0,0,0,0,0,0,13,21,4,3,0,0
0,0,0,0,0,0,0,0,0,1,0,0,1,1,2
0,0,0,0,0,0,0,0,0,6,8,8,14,7,7
0,0,0,0,0,0,0,0,0,6,26,10,18,26,16
0,0,0,0,0,0,0,0,0,6,15,19,13,12,9
0,0,0,0,0,0,0,0,0,6,10,1,2,0,0
0,0,0,0,0,0,0,0,0,1,3,4,8,5,11
0,0,0,0,0,0,0,0,0,2,11,20,17,14,8
0,0,0,0,0,0,0,0,0,6,10,12,15,15,0
0,0,0,0,0,0,0,0,0,3,24,15,1,0,0
0,0,0,0,0,0,0,0,0,1,0,0,1,1,0
0,0,0,0,0,0,0,0,0,2,3,10,2,1,0
0,0,0,0,0,0,0,0,0,3,8,10,7,25,1
0,0,0,0,0,0,0,0,0,3,22,26,17,2,1
0,0,0,0,0,0,0,1,0,11,41,32,0,4,2
0,0,0,0,0,0,0,0,0,2,10,5,20,7,10
0,0,0,0,0,0,0,0,0,2,8,19,50,17,18
0,0,0,0,0,0,0,0,0,6,9,9,21,0,0
0,0,0,0,0,0,0,0,0,1,0,1,5,7,12
0,0,0,0,0,0,0,0,0,4,3,5,5,0,0
0,0,0,0,0,0,0,0,0,2,11,16,22,16,15
0,0,0,0,0,0,0,0,0,7,15,8,26,14,25
0,0,0,0,0,0,0,0,0,3,61,30,0,0,0
0,0,0,0,0,0,0,0,0,2,24,31,38,14,25
0,0,0,0,0,0,0,0,0,5,39,30,1,2,0
0,0,0,0,0,0,0,0,0,4,14,1,1,0,0
0,0,0,0,0,0,0,0,0,10,24,22,20,15,16
0,0,0,0,0,0,0,0,0,7,29,27,41,22,20
0,0,0,0,0,0,0,0,0,5,2,4,0,0,0
0,0,0,0,0,0,0,0,0,6,15,15,11,4,2
0,0,0,0,0,0,0,0,0,1,8,1,2,0,1
0,0,0,0,0,0,0,0,0,1,9,15,10,0,0
0,0,0,0,0,0,0,0,0,2,15,7,5,5,0
0,0,0,0,0,0,0,0,0,5,18,6,6,2,0
0,0,0,0,0,0,0,0,0,9,11,8,0,1,2
0,0,0,0,0,0,0,0,0,7,22,17,17,9,13
0,0,0,0,0,0,0,0,0,12,1,4,1,0,0
0,0,0,0,0,0,0,0,0,14,26,17,20,19,0
0,0,0,0,0,0,0,0,0,5,21,11,35,15,0
0,0,0,0,0,0,0,0,0,7,22,11,0,0,0
0,0,0,0,0,0,0,0,0,8,13,16,14,0,0
0,0,0,0,0,0,0,0,0,3,25,7,3,0,0
0,0,0,0,0,0,0,0,0,15,29,14,19,0,0
0,0,0,0,0,0,0,0,0,10,6,7,33,13,13
0,0,0,0,0,0,0,0,0,9,11,8,10,0,0
0,0,0,0,0,0,0,0,0,15,23,24,0,0,0
0,0,0,0,0,0,0,0,0,2,1,0,1,0,0
0,0,0,0,0,0,0,0,0,3,8,12,24,8,6
0,0,0,0,0,0,0,0,0,2,16,16,15,5,6
0,0,0,0,0,0,0,0,0,3,14,12,10,7,7
0,0,0,0,0,0,0,0,0,5,23,20,0,1,0
0,0,0,0,0,0,0,0,0,4,12,9,23,7,33
0,0,0,0,0,0,0,0,0,7,13,7,8,4,10
0,0,0,0,0,0,0,0,0,4,24,22,29,13,15
0,0,0,0,0,0,0,0,0,2,21,20,17,28,23
0,0,0,0,0,0,0,0,0,1,3,6,7,4,3
0,0,0,0,0,0,0,0,0,1,12,11,12,18,0
0,0,0,0,0,0,0,0,0,2,3,7,5,15,2
0,0,0,0,0,0,0,0,0,5,5,12,0,0,1
0,0,0,0,0,0,0,0,0,7,10,9,8,6,6
0,0,0,0,0,0,0,0,0,6,23,11,0,0,0
0,0,0,0,0,0,0,0,0,6,21,12,18,13,15
0,0,0,0,0,0,0,0,0,7,16,20,30,21,43
0,0,0,0,0,0,0,0,0,3,19,19,24,11,1
0,0,0,0,0,0,0,0,0,6,31,34,37,21,3
0,0,0,0,0,0,0,0,0,8,21,4,0,0,0
0,0,0,0,0,0,0,0,0,6,14,8,12,12,10
0,0,0,0,0,0,0,0,0,2,3,3,1,2,2
0,0,0,0,0,0,0,0,0,2,4,4,2,4,1
0,0,0,0,0,0,0,0,0,5,26,20,21,16,12
0,0,0,0,0,0,0,0,0,4,10,14,3,11,14
0,0,0,0,0,0,0,0,0,7,4,8,7,7,11
0,0,0,0,0,0,0,0,0,2,15,21,12,15,10
0,0,0,0,0,0,0,0,0,2,12,3,1,1,1
0,0,0,0,0,0,0,0,0,3,9,1,1,0,2
0,0,0,0,0,0,0,0,0,16,15,8,27,6,1
0,0,0,0,0,0,0,0,0,6,24,22,6,0,0
0,0,0,0,0,0,0,0,0,2,8,14,12,0,0
0,0,0,0,0,0,0,0,0,9,10,0,1,1,2
0,0,0,0,0,0,0,0,0,4,8,10,10,4,4
0,0,0,0,0,0,0,0,0,5,6,11,13,6,8
0,0,0,0,0,0,0,0,0,1,12,7,3,2,1
0,0,0,0,0,0,0,0,0,12,20,26,16,24,0
0,0,0,0,0,0,0,0,0,5,17,25,23,26,23
0,0,0,0,0,0,0,0,0,2,21,21,22,19,12
0,0,0,0,0,0,0,0,0,5,11,0,1,0,0
0,0,0,0,0,0,0,0,0,1,1,1,0,0,0
0,0,0,0,0,0,0,0,0,5,15,14,14,7,27
0,0,0,0,0,0,0,0,0,1,1,5,12,1,4
0,0,0,0,0,0,0,0,0,5,12,6,19,5,0
0,0,0,0,0,0,0,0,0,10,8,12,3,0,0
0,0,0,0,0,0,0,0,0,2,0,0,1,0,1
0,0,0,0,0,0,0,0,0,4,1,1,0,0,0
0,0,0,0,0,0,0,0,0,5,7,1,1,0,0
0,0,0,0,0,0,0,0,0,4,12,6,2,4,4
0,0,0,0,0,0,0,0,0,3,35,15,1,0,1
0,0,0,0,0,0,0,0,0,5,18,30,30,27,23
0,0,0,0,0,0,0,0,0,2,19,17,21,14,23
0,0,0,0,0,0,0,0,0,2,24,0,0,0,0
0,0,0,0,0,0,0,0,0,1,6,10,8,0,1
0,0,0,0,0,0,0,0,0,4,9,7,0,2,0
0,0,0,0,0,0,0,0,0,7,6,6,2,2,0
0,0,0,0,0,0,0,0,0,11,11,0,0,1,0
0,0,0,0,0,0,0,0,0,6,4,14,7,1,3
0,0,0,0,0,0,0,0,0,1,13,0,0,0,0
0,0,0,0,0,0,0,0,0,5,16,17,11,7,16
0,0,0,0,0,0,0,0,0,1,10,8,2,2,1
0,0,0,0,0,0,0,0,0,8,16,17,5,9,16
0,0,0,0,0,0,0,0,0,1,10,14,5,3,3
0,0,0,0,0,0,0,0,0,1,14,16,16,14,22
0,0,0,0,0,0,0,0,0,4,15,8,13,21,7
0,0,0,0,0,0,0,0,0,6,3,7,8,9,5
0,0,0,0,0,0,0,0,0,4,19,17,0,0,0
0,0,0,0,0,0,0,0,0,3,5,5,8,23,12
0,0,0,0,0,0,0,0,0,7,19,19,8,29,0
0,0,0,0,0,0,0,0,0,6,4,3,5,7,4
0,0,0,0,0,0,0,0,0,3,1,2,0,0,0
0,0,0,0,0,0,0,0,0,6,16,31,31,19,16
0,0,0,0,0,0,0,0,0,1,19,13,9,10,8
0,0,0,0,0,0,0,0,0,1,4,5,3,2,4
0,0,0,0,0,0,0,0,0,2,0,1,3,1,1
0,0,0,0,0,0,0,0,0,8,26,22,41,26,35
0,0,0,0,0,0,0,0,0,2,41,24,3,1,0
0,0,0,0,0,0,0,0,0,5,23,34,15,13,12
0,0,0,0,0,0,0,0,0,5,12,16,14,18,19
0,0,0,0,0,0,0,0,0,13,32,26,20,13,20
0,0,0,0,0,0,0,0,0,6,13,4,7,11,11
0,0,0,0,0,0,0,0,0,8,14,11,9,8,13
0,0,0,0,0,0,0,0,0,10,7,12,21,9,25
0,0,0,0,0,0,0,0,0,5,26,14,24,14,23
0,0,0,0,0,0,0,0,0,17,22,18,19,0,0
0,0,0,0,0,0,0,0,0,4,2,12,2,0,0
0,0,0,0,0,0,0,0,0,2,14,14,9,7,2
0,0,0,0,0,0,0,0,0,10,14,2,1,1,0
0,0,0,0,0,0,0,0,0,2,24,21,13,4,0
0,0,0,0,0,0,0,0,0,5,8,10,12,1,2
0,0,0,0,0,0,0,0,0,8,17,17,27,8,16
0,0,0,0,0,0,0,0,0,4,9,2,1,0,0
0,0,0,0,0,0,0,0,0,5,13,20,8,0,0
0,0,0,0,0,0,0,0,0,3,31,29,61,26,17
0,0,0,0,0,0,0,0,0,5,8,0,0,0,0
0,0,0,0,0,0,0,0,0,10,12,1,0,2,0
0,0,0,0,0,0,0,0,0,2,21,22,22,21,23
0,0,0,0,0,0,0,0,0,2,14,28,11,0,0
0,0,0,0,0,0,0,0,0,2,12,9,26,17,16
0,0,0,0,0,0,0,0,0,4,10,18,0,0,0
0,0,0,0,0,0,0,0,0,2,0,2,0,0,0
0,0,0,0,0,0,0,0,0,9,16,25,23,22,7
0,0,0,0,0,0,0,0,0,3,10,13,15,9,9
0,0,0,0,0,0,0,0,0,1,21,31,16,25,0
0,0,0,0,0,0,0,0,0,1,20,12,13,15,9
0,0,0,0,0,0,0,0,0,4,16,12,7,13,13
0,0,0,0,0,0,0,0,0,9,7,1,2,1,1
0,0,0,0,0,0,0,0,0,1,13,13,10,2,2
0,0,0,0,0,0,0,0,0,3,0,5,4,0,1
0,0,0,0,0,0,0,0,0,7,13,7,8,12,21
0,0,0,0,0,0,0,0,0,6,22,12,10,19,20
0,0,0,0,0,0,0,0,0,9,10,8,18,10,12
0,0,0,0,0,0,0,0,0,13,21,28,23,17,28
0,0,0,0,0,0,0,0,0,5,0,2,1,0,1
0,0,0,0,0,0,0,0,0,1,0,0,0,0,0
0,0,0,0,0,0,0,0,0,8,19,13,31,3,20
0,0,0,0,0,0,0,0,0,8,18,39,27,12,15
0,0,0,0,0,0,0,0,0,2,29,21,0,2,2
0,0,0,0,0,0,0,0,0,1,21,12,23,22,16
0,0,0,0,0,0,0,0,0,7,19,24,11,4,7
0,0,0,0,0,0,0,0,0,7,23,21,9,22,12
0,0,0,0,0,0,0,0,0,4,24,13,22,8,20
0,0,0,0,0,0,0,0,0,8,23,14,23,17,19
0,0,0,0,0,0,0,0,0,3,1,1,0,0,0
0,0,0,0,0,0,0,0,0,1,5,28,8,9,23
0,0,0,0,0,0,0,0,0,3,32,11,12,10,16
0,0,0,0,0,0,0,0,0,4,16,17,7,3,12
0,0,0,0,0,0,0,0,0,10,15,2,2,0,1
0,0,0,0,0,0,0,0,0,5,10,10,6,13,13
0,0,0,0,0,0,0,0,0,5,7,15,21,10,15
0,0,0,0,0,0,0,0,0,2,9,1,5,9,7
0,0,0,0,0,0,0,0,0,4,10,10,5,5,10
0,0,0,0,0,0,0,0,0,3,12,4,3,4,6
0,0,0,0,0,0,0,0,0,6,13,13,1,0,1
0,0,0,0,0,0,0,0,0,2,15,7,5,15,6
0,0,0,0,0,0,0,0,0,4,17,13,10,8,9
0,0,0,0,0,0,0,0,0,7,18,8,18,18,4
0,0,0,0,0,0,0,0,0,2,3,1,15,3,3
0,0,0,0,0,0,0,0,0,5,13,12,2,0,1
0,0,0,0,0,0,0,0,0,5,11,8,8,17,8
0,0,0,0,0,0,0,0,0,4,23,28,19,23,20
0,0,0,0,0,0,0,0,0,3,20,15,25,16,17
0,0,0,0,0,0,0,0,0,2,8,17,7,7,1
0,0,0,0,0,0,0,0,0,1,22,33,50,24,38
0,0,0,0,0,0,0,0,0,1,0,1,1,0,0
0,0,0,0,0,0,0,0,0,2,5,7,14,12,11
0,0,0,0,0,0,0,0,0,8,11,6,5,3,6
0,0,0,0,0,0,0,0,0,2,1,1,2,2,0
0,0,0,0,0,0,0,0,0,2,4,11,17,3,8
0,0,0,0,0,0,0,0,0,3,1,0,1,0,0
0,0,0,0,0,0,0,0,0,0,10,26,31,18,12
0,0,0,0,0,0,0,0,0,0,11,3,0,1,0
0,0,0,0,0,0,0,0,0,0,9,7,24,13,10
0,0,0,0,0,0,0,0,0,0,5,17,24,8,17
0,0,0,0,0,0,0,0,0,0,3,0,0,1,1
0,0,0,0,0,0,0,0,0,0,4,1,0,0,0
0,0,0,0,0,0,0,0,0,0,4,19,30,14,21
0,0,0,0,0,0,0,0,0,0,10,15,13,3,8
0,0,0,0,0,0,0,0,0,0,17,13,27,8,5
0,0,0,0,0,0,0,0,0,0,8,24,37,9,9
0,0,0,0,0,0,0,0,0,0,9,14,16,4,21
0,0,0,0,0,0,0,0,0,0,3,7,17,3,11
0,0,0,0,0,0,0,0,0,0,7,15,3,0,2
0,0,0,0,0,0,0,0,0,0,7,16,12,4,10
0,0,0,0,0,0,0,0,0,0,12,8,1,1,1
0,0,0,0,0,0,0,0,0,0,5,15,31,13,33
0,0,0,0,0,0,0,0,0,0,12,19,41,0,0
0,0,0,0,0,0,0,0,0,0,8,18,22,10,19
0,0,0,0,0,0,0,0,0,0,1,21,9,0,0
0,0,0,0,0,0,0,0,0,0,2,14,0,0,0
0,0,0,0,0,0,0,0,0,0,3,14,40,22,26
0,0,0,0,0,0,0,0,0,0,10,12,17,10,11
0,0,0,0,0,0,0,0,0,0,1,16,10,22,7
0,0,0,0,0,0,0,0,0,0,2,3,16,2,12
0,0,0,0,0,0,0,0,0,0,3,7,2,10,8
0,0,0,0,0,0,0,0,0,0,4,19,23,17,2
0,0,0,0,0,0,0,0,0,0,5,33,21,17,14
0,0,0,0,0,0,0,0,0,0,3,17,17,25,26
0,0,0,0,0,0,0,0,0,0,1,16,0,1,0
0,0,0,0,0,0,0,0,0,0,4,6,9,4,2
0,0,0,0,0,0,0,0,0,0,5,11,5,4,1
0,0,0,0,0,0,0,0,0,0,4,10,12,10,18
0,0,0,0,0,0,0,0,0,0,6,20,20,8,0
0,0,0,0,0,0,0,0,0,0,3,12,5,9,4
0,0,0,0,0,0,0,0,0,0,1,23,20,23,4
0,0,0,0,0,0,0,0,0,0,4,8,9,3,5
0,0,0,0,0,0,0,0,0,0,3,3,3,1,0
0,0,0,0,0,0,0,0,0,0,4,20,18,0,1
0,0,0,0,0,0,0,0,0,0,8,9,6,14,2
0,0,0,0,0,0,0,0,0,0,12,22,17,21,15
0,0,0,0,0,0,0,0,0,0,7,20,10,0,1
0,0,0,0,0,0,0,0,0,0,4,8,9,11,1
0,0,0,0,0,0,0,0,0,0,6,27,22,20,15
0,0,0,0,0,0,0,0,0,0,2,14,12,1,1
0,0,0,0,0,0,0,0,0,0,10,23,25,25,0
0,0,0,0,0,0,0,0,0,0,19,1,0,0,0
0,0,0,0,0,0,0,0,0,0,7,14,24,13,29
0,0,0,0,0,0,0,0,0,0,8,10,7,12,12
0,0,0,0,0,0,0,0,0,0,6,3,0,0,2
0,0,0,0,0,0,0,0,0,0,9,21,25,0,0
0,0,0,0,0,0,0,0,0,0,1,4,7,8,3
0,0,0,0,0,0,0,0,0,0,3,30,27,15,22
0,0,0,0,0,0,0,0,0,0,7,23,12,0,0
0,0,0,0,0,0,0,0,0,0,8,22,29,15,16
0,0,0,0,0,0,0,0,0,0,10,15,0,0,0
0,0,0,0,0,0,0,0,0,0,5,19,42,1,0
0,0,0,0,0,0,0,0,0,0,4,29,12,1,0
0,0,0,0,0,0,0,0,0,0,1,1,0,1,0
0,0,0,0,0,0,0,0,0,0,8,25,11,12,27
0,0,0,0,0,0,0,0,0,0,8,19,0,1,0
0,0,0,0,0,0,0,0,0,0,7,7,5,5,12
0,0,0,0,0,0,0,0,0,0,10,23,32,16,21
0,0,0,0,0,0,0,0,0,0,13,18,0,1,0
0,0,0,0,0,0,0,0,0,0,3,24,11,15,18
0,0,0,0,0,0,0,0,0,0,15,2,1,1,1
0,0,0,0,0,0,0,0,0,0,13,20,28,15,18
0,0,0,0,0,0,0,0,0,0,5,41,9,19,1
0,0,0,0,0,0,0,0,0,0,1,2,10,8,42
0,0,0,0,0,0,0,0,0,0,11,24,12,12,5
0,0,0,0,0,0,0,0,0,0,4,11,14,8,4
0,0,0,0,0,0,0,0,0,0,3,12,32,28,32
0,0,0,0,0,0,0,0,0,0,1,4,53,24,32
0,0,0,0,0,0,0,0,0,0,1,33,11,21,16
0,0,0,0,0,0,0,0,0,0,8,6,4,13,7
0,0,0,0,0,0,0,0,0,0,1,8,6,13,11
0,0,0,0,0,0,0,0,0,0,7,20,28,0,2
0,0,0,0,0,0,0,0,0,0,4,19,0,2,0
0,0,0,0,0,0,0,0,0,0,7,6,1,3,0
0,0,0,0,0,0,0,0,0,0,4,29,24,28,18
0,0,0,0,0,0,0,0,0,0,14,0,0,0,1
0,0,0,0,0,0,0,0,0,0,1,3,0,1,1
0,0,0,0,0,0,0,0,0,0,5,9,10,8,6
0,0,0,0,0,0,0,0,0,0,4,8,9,3,10
0,0,0,0,0,0,0,0,0,0,6,15,13,3,6
0,0,0,0,0,0,0,0,0,0,5,5,0,0,1
0,0,0,0,0,0,0,0,0,0,5,0,0,1,1
0,0,0,0,0,0,0,0,0,0,5,21,10,5,1
0,0,0,0,0,0,0,0,0,0,3,12,0,0,0
0,0,0,0,0,0,0,0,0,0,11,15,0,0,0
0,0,0,0,0,0,0,0,0,0,4,16,0,0,0
0,0,0,0,0,0,0,0,0,0,5,21,20,18,1
0,0,0,0,0,0,0,0,0,0,5,15,11,11,0
0,0,0,0,0,0,0,0,0,0,8,20,15,19,8
0,0,0,0,0,0,0,0,0,0,4,31,16,17,32
0,0,0,0,0,0,0,0,0,0,1,13,16,4,7
0,0,0,0,0,0,0,0,0,0,2,15,12,13,18
0,0,0,0,0,0,0,0,0,0,3,4,0,0,0
0,0,0,0,0,0,0,0,0,0,5,15,0,0,0
0,0,0,0,0,0,0,0,0,0,3,11,11,9,23
0,0,0,0,0,0,0,0,0,0,13,14,18,11,14
0,0,0,0,0,0,0,0,0,0,9,3,4,2,2
0,0,0,0,0,0,0,0,0,0,10,19,24,11,14
0,0,0,0,0,0,0,0,0,0,3,1,0,0,0
0,0,0,0,0,0,0,0,0,0,3,2,8,3,6
0,0,0,0,0,0,0,0,0,0,5,13,15,20,6
0,0,0,0,0,0,0,0,0,0,7,16,17,19,28
0,0,0,0,0,0,0,0,0,0,3,30,15,15,6
0,0,0,0,0,0,0,0,0,0,7,19,24,0,0
0,0,0,0,0,0,0,0,0,0,12,25,19,13,1
0,0,0,0,0,0,0,0,0,0,7,16,14,0,1
0,0,0,0,0,0,0,0,0,0,5,23,10,13,3
0,0,0,0,0,0,0,0,0,0,2,37,36,20,25
0,0,0,0,0,0,0,0,0,0,7,7,18,17,17
0,0,0,0,0,0,0,0,0,0,1,0,0,0,0
0,0,0,0,0,0,0,0,0,0,6,6,7,6,9
0,0,0,0,0,0,0,0,0,0,4,10,4,3,7
0,0,0,0,0,0,0,0,0,0,7,12,27,12,4
0,0,0,0,0,0,0,0,0,0,7,13,45,10,13
0,0,0,0,0,0,0,0,0,0,2,14,3,1,1
0,0,0,0,0,0,0,0,0,0,7,30,41,23,2
0,0,0,0,0,0,0,0,0,0,10,19,34,1,1
0,0,0,0,0,0,0,0,0,0,6,17,2,0,0
0,0,0,0,0,0,0,0,0,0,1,2,3,0,1
0,0,0,0,0,0,0,0,0,0,2,14,13,7,5
0,0,0,0,0,0,0,0,0,0,6,3,3,0,2
0,0,0,0,0,0,0,0,0,0,4,7,5,7,0
0,0,0,0,0,0,0,0,0,0,1,2,0,0,0
0,0,0,0,0,0,0,0,0,0,1,18,0,0,1
0,0,0,0,0,0,0,0,0,0,10,4,1,0,0
0,0,0,0,0,0,0,0,0,0,8,0,2,3,3
0,0,0,0,0,0,0,0,0,0,6,11,21,8,6
0,0,0,0,0,0,0,0,0,0,4,18,24,0,0
0,0,0,0,0,0,0,0,0,0,2,1,1,0,1
0,0,0,0,0,0,0,0,0,0,4,5,0,0,1
0,0,0,0,0,0,0,0,0,0,1,18,15,19,7
0,0,0,0,0,0,0,0,0,0,1,1,1,2,0
0,0,0,0,0,0,0,0,0,0,5,8,0,2,1
0,0,0,0,0,0,0,0,0,0,1,0,1,0,2
0,0,0,0,0,0,0,0,0,0,4,23,33,19,14
0,0,0,0,0,0,0,0,0,0,5,8,8,0,0
0,0,0,0,0,0,0,0,0,0,1,0,0,2,0
0,0,0,0,0,0,0,0,0,0,4,12,9,5,11
0,0,0,0,0,0,0,0,0,0,5,10,5,4,0
0,0,0,0,0,0,0,0,0,0,3,20,5,7,13
0,0,0,0,0,0,0,0,0,0,2,17,3,1,0
0,0,0,0,0,0,0,0,0,0,6,15,23,11,3
0,0,0,0,0,0,0,0,0,0,9,9,16,17,18
0,0,0,0,0,0,0,0,0,0,8,8,16,3,8
0,0,0,0,0,0,0,0,0,0,4,13,12,7,11
0,0,0,0,0,0,0,0,0,0,10,0,2,0,1
0,0,0,0,0,0,0,0,0,0,3,11,44,21,25
0,0,0,0,0,0,0,0,0,0,13,18,12,5,19
0,0,0,0,0,0,0,0,0,0,3,13,25,10,6
0,0,0,0,0,0,0,0,0,0,3,13,0,0,0
0,0,0,0,0,0,0,0,0,0,3,22,12,2,0
0,0,0,0,0,0,0,0,0,0,2,3,3,5,5
0,0,0,0,0,0,0,0,0,0,4,18,9,8,15
0,0,0,0,0,0,0,0,0,0,4,0,0,0,0
0,0,0,0,0,0,0,0,0,0,10,28,18,15,23
0,0,0,0,0,0,0,0,0,0,3,9,3,16,0
0,0,0,0,0,0,0,0,0,0,1,6,0,0,0
0,0,0,0,0,0,0,0,0,0,2,15,17,13,22
0,0,0,0,0,0,0,0,0,0,5,16,40,32,12
0,0,0,0,0,0,0,0,0,0,3,17,8,7,9
0,0,0,0,0,0,0,0,0,0,3,4,12,16,3
0,0,0,0,0,0,0,0,0,0,1,10,19,17,0
0,0,0,0,0,0,0,0,0,0,0,8,12,23,27
0,0,0,0,0,0,0,0,0,0,0,6,15,24,16
0,0,0,0,0,0,0,0,0,0,0,4,26,17,0
0,0,0,0,0,0,0,0,0,0,0,6,40,23,44
0,0,0,0,0,0,0,0,0,0,0,1,1,0,0
0,0,0,0,0,0,0,0,0,0,0,5,19,13,14
0,0,0,0,0,0,0,0,0,0,0,1,29,18,32
0,0,0,0,0,0,0,0,0,0,0,7,20,3,7
0,0,0,0,0,0,0,0,0,0,0,4,21,14,18
0,0,0,0,0,0,0,0,0,0,0,6,1,3,3
0,0,0,0,0,0,0,0,0,0,0,9,21,15,20
0,0,0,0,0,0,0,0,0,0,0,2,9,17,17
0,0,0,0,0,0,0,0,0,0,0,2,19,9,7
0,0,0,0,0,0,0,0,0,0,0,4,5,8,0
0,0,0,0,0,0,0,0,0,0,0,2,0,0,0
0,0,0,0,0,0,0,0,0,0,0,6,12,4,0
0,0,0,0,0,0,0,0,0,0,0,2,1,14,8
0,0,0,0,0,0,0,0,0,0,0,2,12,12,16
0,0,0,0,0,0,0,0,0,0,0,3,18,17,16
0,0,0,0,0,0,0,0,0,0,0,3,5,9,9
0,0,0,0,0,0,0,0,0,0,0,5,0,1,0
0,0,0,0,0,0,0,0,0,0,0,5,0,0,0
0,0,0,0,0,0,0,0,0,0,0,7,5,0,0
0,0,0,0,0,0,0,0,0,0,0,7,19,13,13
0,0,0,0,0,0,0,0,0,0,0,4,18,18,16
0,0,0,0,0,0,0,0,0,0,0,1,6,4,0
0,0,0,0,0,0,0,0,0,0,0,3,4,5,0
0,0,0,0,0,0,0,0,0,0,0,7,39,20,15
0,0,0,0,0,0,0,0,0,0,0,9,9,2,11
0,0,0,0,0,0,0,0,0,0,0,8,16,14,1
0,0,0,0,0,0,0,0,0,0,0,2,0,1,0
0,0,0,0,0,0,0,0,0,0,0,4,48,28,37
0,0,0,0,0,0,0,0,0,0,0,1,0,1,1
0,0,0,0,0,0,0,0,0,0,0,5,43,46,33
0,0,0,0,0,0,0,0,0,0,0,1,4,0,0
0,0,0,0,0,0,0,0,0,0,0,7,1,0,0
0,0,0,0,0,0,0,0,0,0,0,5,20,9,6
0,0,0,0,0,0,0,0,0,0,0,1,12,0,0
0,0,0,0,0,0,0,0,0,0,0,1,9,6,12
0,0,0,0,0,0,0,0,0,0,0,8,30,14,0
0,0,0,0,0,0,0,0,0,0,0,1,0,8,0
0,0,0,0,0,0,0,0,0,0,0,3,17,4,5
0,0,0,0,0,0,0,0,0,0,0,8,14,0,0
0,0,0,0,0,0,0,0,0,0,0,2,50,0,0
0,0,0,0,0,0,0,0,0,0,0,4,13,6,11
0,0,0,0,0,0,0,0,0,0,0,1,0,0,1
0,0,0,0,0,0,0,0,0,0,0,3,5,5,4
0,0,0,0,0,0,0,0,0,0,0,14,15,12,7
0,0,0,0,0,0,0,0,0,0,0,4,7,5,11
0,0,0,0,0,0,0,0,0,0,0,1,4,5,3
0,0,0,0,0,0,0,0,0,0,0,8,13,8,13
0,0,0,0,0,0,0,0,0,0,0,7,6,10,8
0,0,0,0,0,0,0,0,0,0,0,8,14,16,15
0,0,0,0,0,0,0,0,0,0,0,1,1,1,0
0,0,0,0,0,0,0,0,0,0,0,1,0,0,0
0,0,0,0,0,0,0,0,0,0,0,8,29,18,16
0,0,0,0,0,0,0,0,0,0,0,13,11,26,4
0,0,0,0,0,0,0,0,0,0,0,5,27,13,19
0,0,0,0,0,0,0,0,0,0,0,3,6,10,5
0,0,0,0,0,0,0,0,0,0,0,7,12,7,5
0,0,0,0,0,0,0,0,0,0,0,3,15,13,9
0,0,0,0,0,0,0,0,0,0,0,5,4,0,1
0,0,0,0,0,0,0,0,0,0,0,1,12,20,11
0,0,0,0,0,0,0,0,0,0,0,2,12,0,0
0,0,0,0,0,0,0,0,0,0,0,1,15,11,2
0,0,0,0,0,0,0,0,0,0,0,6,17,21,14
0,0,0,0,0,0,0,0,0,0,0,5,19,15,23
0,0,0,0,0,0,0,0,0,0,0,10,41,1,0
0,0,0,0,0,0,0,0,0,0,0,6,15,0,2
0,0,0,0,0,0,0,0,0,0,0,8,23,14,15
0,0,0,0,0,0,0,0,0,0,0,1,2,8,10
0,0,0,0,0,0,0,0,0,0,0,6,18,8,5
0,0,0,0,0,0,0,0,0,0,0,3,12,15,8
0,0,0,0,0,0,0,0,0,0,0,13,6,9,3
0,0,0,0,0,0,0,0,0,0,0,3,10,8,13
0,0,0,0,0,0,0,0,0,0,0,6,32,0,0
0,0,0,0,0,0,0,0,0,0,0,11,21,11,31
0,0,0,0,0,0,0,0,0,0,0,2,14,0,0
0,0,0,0,0,0,0,0,0,0,0,3,5,6,6
0,0,0,0,0,0,0,0,0,0,0,7,11,7,16
0,0,0,0,0,0,0,0,0,0,0,1,23,0,0
0,0,0,0,0,0,0,0,0,0,0,4,10,0,0
0,0,0,0,0,0,0,0,0,0,0,3,4,9,5
0,0,0,0,0,0,0,0,0,0,0,8,13,18,0
0,0,0,0,0,0,0,0,0,0,0,5,20,3,10
0,0,0,0,0,0,0,0,0,0,0,2,12,12,13
0,0,0,0,0,0,0,0,0,0,0,3,6,5,1
0,0,0,0,0,0,0,0,0,0,0,6,22,17,21
0,0,0,0,0,0,0,0,0,0,0,11,24,25,41
0,0,0,0,0,0,0,0,0,0,0,3,0,2,0
0,0,0,0,0,0,0,0,0,0,0,3,23,17,0
0,0,0,0,0,0,0,0,0,0,0,10,4,7,10
0,0,0,0,0,0,0,0,0,0,0,3,18,9,18
0,0,0,0,0,0,0,0,0,0,0,6,7,2,1
0,0,0,0,0,0,0,0,0,0,0,1,22,20,3
0,0,0,0,0,0,0,0,0,0,0,2,23,19,29
0,0,0,0,0,0,0,0,0,0,0,5,19,16,0
0,0,0,0,0,0,0,0,0,0,0,3,5,14,12
0,0,0,0,0,0,0,0,0,0,0,9,11,2,2
0,0,0,0,0,0,0,0,0,0,0,4,15,18,16
0,0,0,0,0,0,0,0,0,0,0,2,10,1,0
0,0,0,0,0,0,0,0,0,0,0,1,7,8,6
0,0,0,0,0,0,0,0,0,0,0,4,13,13,8
0,0,0,0,0,0,0,0,0,0,0,7,6,16,13
0,0,0,0,0,0,0,0,0,0,0,8,25,4,21
0,0,0,0,0,0,0,0,0,0,0,4,0,0,1
0,0,0,0,0,0,0,0,0,0,0,5,5,5,2
0,0,0,0,0,0,0,0,0,0,0,4,10,2,3
0,0,0,0,0,0,0,0,0,0,0,10,12,1,6
0,0,0,0,0,0,0,0,0,0,0,14,7,18,1
0,0,0,0,0,0,0,0,0,0,0,3,14,19,18
0,0,0,0,0,0,0,0,0,0,0,4,10,19,10
0,0,0,0,0,0,0,0,0,0,0,2,13,3,6
0,0,0,0,0,0,0,0,0,0,0,5,19,18,13
0,0,0,0,0,0,0,0,0,0,0,1,0,5,16
0,0,0,0,0,0,0,0,0,0,0,0,4,0,10
0,0,0,0,0,0,0,0,0,0,0,0,6,7,10
0,0,0,0,0,0,0,0,0,0,0,0,6,8,4
0,0,0,0,0,0,0,0,0,0,0,0,1,0,0
0,0,0,0,0,0,0,0,0,0,0,0,11,12,11
0,0,0,0,0,0,0,0,0,0,0,0,7,8,5
0,0,0,0,0,0,0,0,0,0,0,0,6,18,0
0,0,0,0,0,0,0,0,0,0,0,0,1,12,9
0,0,0,0,0,0,0,0,0,0,0,0,10,20,0
0,0,0,0,0,0,0,0,0,0,0,0,5,10,9
0,0,0,0,0,0,0,0,0,0,0,0,5,10,2
0,0,0,0,0,0,0,0,0,0,0,0,4,5,12
0,0,0,0,0,0,0,0,0,0,0,0,1,5,1
0,0,0,0,0,0,0,0,0,0,0,0,4,6,0
0,0,0,0,0,0,0,0,0,0,0,0,3,12,8
0,0,0,0,0,0,0,0,0,0,0,0,1,1,5
0,0,0,0,0,0,0,0,0,0,0,0,9,8,18
0,0,0,0,0,0,0,0,0,0,0,0,6,16,24
0,0,0,0,0,0,0,0,0,0,0,0,1,13,13
0,0,0,0,0,0,0,0,0,0,0,0,10,2,0
0,0,0,0,0,0,0,0,0,0,0,0,9,4,9
0,0,0,0,0,0,0,0,0,0,0,0,5,8,0
0,0,0,0,0,0,0,0,0,0,0,0,11,6,5
0,0,0,0,0,0,0,0,0,0,0,0,1,6,4
0,0,0,0,0,0,0,0,0,0,0,0,1,0,0
0,0,0,0,0,0,0,0,0,0,0,0,7,3,0
0,0,0,0,0,0,0,0,0,0,0,0,10,12,8
0,0,0,0,0,0,0,0,0,0,0,0,5,13,12
0,0,0,0,0,0,0,0,0,0,0,0,9,14,9
0,0,0,0,0,0,0,0,0,0,0,0,1,9,8
0,0,0,0,0,0,0,0,0,0,0,0,2,2,5
0,0,0,0,0,0,0,0,0,0,0,0,1,0,0
0,0,0,0,0,0,0,0,0,0,0,0,12,5,3
0,0,0,0,0,0,0,0,0,0,0,0,5,8,7
0,0,0,0,0,0,0,0,0,0,0,0,3,15,13
0,0,0,0,0,0,0,0,0,0,0,0,6,7,1
0,0,0,0,0,0,0,0,0,0,0,0,4,7,9
0,0,0,0,0,0,0,0,0,0,0,0,8,11,16
0,0,0,0,0,0,0,0,0,0,0,0,3,10,9
0,0,0,0,0,0,0,0,0,0,0,0,3,5,22
0,0,0,0,0,0,0,0,0,0,0,0,4,3,17
0,0,0,0,0,0,0,0,0,0,0,0,5,11,16
0,0,0,0,0,0,0,0,0,0,0,0,6,10,17
0,0,0,0,0,0,0,0,0,0,0,0,13,22,13
0,0,0,0,0,0,0,0,0,0,0,0,10,12,6
0,0,0,0,0,0,0,0,0,0,0,0,8,13,6
0,0,0,0,0,0,0,0,0,0,0,0,9,8,0
0,0,0,0,0,0,0,0,0,0,0,0,6,15,8
0,0,0,0,0,0,0,0,0,0,0,0,6,8,0
0,0,0,0,0,0,0,0,0,0,0,0,2,9,14
0,0,0,0,0,0,0,0,0,0,0,0,10,6,11
0,0,0,0,0,0,0,0,0,0,0,0,5,6,6
0,0,0,0,0,0,0,0,0,0,0,0,3,0,4
0,0,0,0,0,0,0,0,0,0,0,0,11,21,28
0,0,0,0,0,0,0,0,0,0,0,0,2,1,0
0,0,0,0,0,0,0,0,0,0,0,0,4,6,0
0,0,0,0,0,0,0,0,0,0,0,0,7,28,31
0,0,0,0,0,0,0,0,0,0,0,0,5,20,15
0,0,0,0,0,0,0,0,0,0,0,0,5,4,0
0,0,0,0,0,0,0,0,0,0,0,0,0,7,19
0,0,0,0,0,0,0,0,0,0,0,0,0,1,34
0,0,0,0,0,0,0,0,0,0,0,0,0,5,33
0,0,0,0,0,0,0,0,0,0,0,0,0,5,7
0,0,0,0,0,0,0,0,0,0,0,0,0,2,13
0,0,0,0,0,0,0,0,0,0,0,0,0,9,17
0,0,0,0,0,0,0,0,0,0,0,0,0,3,15
0,0,0,0,0,0,0,0,0,0,0,0,0,6,14
0,0,0,0,0,0,0,0,0,0,0,0,0,1,0
0,0,0,0,0,0,0,0,0,0,0,0,0,3,0
0,0,0,0,0,0,0,0,0,0,0,0,0,6,0
0,0,0,0,0,0,0,0,0,0,0,0,0,2,5
0,0,0,0,0,0,0,0,0,0,0,0,0,5,16
0,0,0,0,0,0,0,0,0,0,0,0,0,4,14
0,0,0,0,0,0,0,0,0,0,0,0,0,4,37
0,0,0,0,0,0,0,0,0,0,0,0,0,2,29
0,0,0,0,0,0,0,0,0,0,0,0,0,2,18
0,0,0,0,0,0,0,0,0,0,0,0,0,13,10
0,0,0,0,0,0,0,0,0,0,0,0,0,2,7
0,0,0,0,0,0,0,0,0,0,0,0,0,2,37
0,0,0,0,0,0,0,0,0,0,0,0,0,3,12
0,0,0,0,0,0,0,0,0,0,0,0,0,2,8
0,0,0,0,0,0,0,0,0,0,0,0,0,1,14
0,0,0,0,0,0,0,0,0,0,0,0,0,3,11
0,0,0,0,0,0,0,0,0,0,0,0,0,3,13
0,0,0,0,0,0,0,0,0,0,0,0,0,5,6
0,0,0,0,0,0,0,0,0,0,0,0,0,6,14
0,0,0,0,0,0,0,0,0,0,0,0,0,3,25
0,0,0,0,0,0,0,0,0,0,0,0,0,1,4
0,0,0,0,0,0,0,0,0,0,0,0,0,3,1
0,0,0,0,0,0,0,0,0,0,0,0,0,1,4
0,0,0,0,0,0,0,0,0,0,0,0,0,4,9
0,0,0,0,0,0,0,0,0,0,0,0,0,3,17
0,0,0,0,0,0,0,0,0,0,0,0,0,6,9
0,0,0,0,0,0,0,0,0,0,0,0,0,4,14
0,0,0,0,0,0,0,0,0,0,0,0,0,5,7
0,0,0,0,0,0,0,0,0,0,0,0,0,3,13
0,0,0,0,0,0,0,0,0,0,0,0,0,2,7
0,0,0,0,0,0,0,0,0,0,0,0,0,3,16
0,0,0,0,0,0,0,0,0,0,0,0,0,8,19
0,0,0,0,0,0,0,0,0,0,0,0,0,6,10
0,0,0,0,0,0,0,0,0,0,0,0,0,9,5
0,0,0,0,0,0,0,0,0,0,0,0,0,1,0
0,0,0,0,0,0,0,0,0,0,0,0,0,8,10
0,0,0,0,0,0,0,0,0,0,0,0,0,3,14
0,0,0,0,0,0,0,0,0,0,0,0,0,3,12
0,0,0,0,0,0,0,0,0,0,0,0,0,3,21
0,0,0,0,0,0,0,0,0,0,0,0,0,6,6
0,0,0,0,0,0,0,0,0,0,0,0,0,7,10
0,0,0,0,0,0,0,0,0,0,0,0,0,2,34
0,0,0,0,0,0,0,0,0,0,0,0,0,2,1
0,0,0,0,0,0,0,0,0,0,0,0,0,2,18
0,0,0,0,0,0,0,0,0,0,0,0,0,3,10
0,0,0,0,0,0,0,0,0,0,0,0,0,2,17
0,0,0,0,0,0,0,0,0,0,0,0,0,7,1
0,0,0,0,0,0,0,0,0,0,0,0,0,2,17
0,0,0,0,0,0,0,0,0,0,0,0,0,4,21
0,0,0,0,0,0,0,0,0,0,0,0,0,4,16
0,0,0,0,0,0,0,0,0,0,0,0,0,2,17
0,0,0,0,0,0,0,0,0,0,0,0,0,2,13
0,0,0,0,0,0,0,0,0,0,0,0,0,4,9
0,0,0,0,0,0,0,0,0,0,0,0,0,3,8
